topic_id,mark_group,group_marks,unit,chapter,chapter_name,topic,status,limitation,source
T-01-01,G1,16,I,01,Electric Charges and Fields,Electric charges; conservation of charge,IN,,SYL-2026-27 Class XII theory (cbseacademic SecPart2)
T-01-02,G1,16,I,01,Electric Charges and Fields,Coulomb's law - force between two point charges,IN,,SYL-2026-27 Class XII theory (cbseacademic SecPart2)
T-01-03,G1,16,I,01,Electric Charges and Fields,Forces between multiple charges; superposition principle,IN,,SYL-2026-27 Class XII theory (cbseacademic SecPart2)
T-01-04,G1,16,I,01,Electric Charges and Fields,Continuous charge distribution,IN,,SYL-2026-27 Class XII theory (cbseacademic SecPart2)
T-01-05,G1,16,I,01,Electric Charges and Fields,Electric field; field due to a point charge,IN,,SYL-2026-27 Class XII theory (cbseacademic SecPart2)
T-01-06,G1,16,I,01,Electric Charges and Fields,Electric field lines,IN,,SYL-2026-27 Class XII theory (cbseacademic SecPart2)
T-01-07,G1,16,I,01,Electric Charges and Fields,Electric dipole; field due to a dipole,IN,,SYL-2026-27 Class XII theory (cbseacademic SecPart2)
T-01-08,G1,16,I,01,Electric Charges and Fields,Torque on a dipole in a uniform electric field,IN,,SYL-2026-27 Class XII theory (cbseacademic SecPart2)
T-01-09,G1,16,I,01,Electric Charges and Fields,Electric flux,IN,,SYL-2026-27 Class XII theory (cbseacademic SecPart2)
T-01-10,G1,16,I,01,Electric Charges and Fields,Gauss's theorem (statement),IN,,SYL-2026-27 Class XII theory (cbseacademic SecPart2)
T-01-11,G1,16,I,01,Electric Charges and Fields,Gauss's law: field of an infinitely long straight wire,IN,,SYL-2026-27 Class XII theory (cbseacademic SecPart2)
T-01-12,G1,16,I,01,Electric Charges and Fields,Gauss's law: field of a uniformly charged infinite plane sheet,IN,,SYL-2026-27 Class XII theory (cbseacademic SecPart2)
T-01-13,G1,16,I,01,Electric Charges and Fields,Gauss's law: field of a uniformly charged thin spherical shell (inside and outside),IN,,SYL-2026-27 Class XII theory (cbseacademic SecPart2)
T-02-01,G1,16,I,02,Electrostatic Potential and Capacitance,Electric potential; potential difference,IN,,SYL-2026-27 Class XII theory (cbseacademic SecPart2)
T-02-02,G1,16,I,02,Electrostatic Potential and Capacitance,Potential due to a point charge,IN,,SYL-2026-27 Class XII theory (cbseacademic SecPart2)
T-02-03,G1,16,I,02,Electrostatic Potential and Capacitance,Potential due to a dipole,IN,,SYL-2026-27 Class XII theory (cbseacademic SecPart2)
T-02-04,G1,16,I,02,Electrostatic Potential and Capacitance,Potential due to a system of charges,IN,,SYL-2026-27 Class XII theory (cbseacademic SecPart2)
T-02-05,G1,16,I,02,Electrostatic Potential and Capacitance,Equipotential surfaces,IN,,SYL-2026-27 Class XII theory (cbseacademic SecPart2)
T-02-06,G1,16,I,02,Electrostatic Potential and Capacitance,Potential energy of a system of two point charges,IN,,SYL-2026-27 Class XII theory (cbseacademic SecPart2)
T-02-07,G1,16,I,02,Electrostatic Potential and Capacitance,Potential energy of a dipole in an electrostatic field,IN,,SYL-2026-27 Class XII theory (cbseacademic SecPart2)
T-02-08,G1,16,I,02,Electrostatic Potential and Capacitance,Conductors and insulators; free and bound charges inside a conductor,IN,,SYL-2026-27 Class XII theory (cbseacademic SecPart2)
T-02-09,G1,16,I,02,Electrostatic Potential and Capacitance,Dielectrics and electric polarisation,IN,,SYL-2026-27 Class XII theory (cbseacademic SecPart2)
T-02-10,G1,16,I,02,Electrostatic Potential and Capacitance,Capacitors and capacitance,IN,,SYL-2026-27 Class XII theory (cbseacademic SecPart2)
T-02-11,G1,16,I,02,Electrostatic Potential and Capacitance,Combination of capacitors in series and in parallel,IN,,SYL-2026-27 Class XII theory (cbseacademic SecPart2)
T-02-12,G1,16,I,02,Electrostatic Potential and Capacitance,Parallel-plate capacitor with and without dielectric,IN,,SYL-2026-27 Class XII theory (cbseacademic SecPart2)
T-02-13,G1,16,I,02,Electrostatic Potential and Capacitance,Energy stored in a capacitor,IN,"no derivation, formulae only",SYL-2026-27 Class XII theory (cbseacademic SecPart2)
T-02-D1,G1,16,I,02,Electrostatic Potential and Capacitance,Van de Graaff generator,VERIFY-DEL,,absent from SYL-2026-27 but in older syllabi — confirm against NCERT rationalised list at Batch 0
T-03-01,G1,16,II,03,Current Electricity,Electric current; flow of charges in a metallic conductor,IN,,SYL-2026-27 Class XII theory (cbseacademic SecPart2)
T-03-02,G1,16,II,03,Current Electricity,"Drift velocity, mobility and their relation with current",IN,,SYL-2026-27 Class XII theory (cbseacademic SecPart2)
T-03-03,G1,16,II,03,Current Electricity,Ohm's law,IN,,SYL-2026-27 Class XII theory (cbseacademic SecPart2)
T-03-04,G1,16,II,03,Current Electricity,V-I characteristics (linear and non-linear),IN,,SYL-2026-27 Class XII theory (cbseacademic SecPart2)
T-03-05,G1,16,II,03,Current Electricity,Electrical energy and power,IN,,SYL-2026-27 Class XII theory (cbseacademic SecPart2)
T-03-06,G1,16,II,03,Current Electricity,Electrical resistivity and conductivity,IN,,SYL-2026-27 Class XII theory (cbseacademic SecPart2)
T-03-07,G1,16,II,03,Current Electricity,Temperature dependence of resistance,IN,,SYL-2026-27 Class XII theory (cbseacademic SecPart2)
T-03-08,G1,16,II,03,Current Electricity,Internal resistance; potential difference and emf of a cell,IN,,SYL-2026-27 Class XII theory (cbseacademic SecPart2)
T-03-09,G1,16,II,03,Current Electricity,Combination of cells in series and in parallel,IN,,SYL-2026-27 Class XII theory (cbseacademic SecPart2)
T-03-10,G1,16,II,03,Current Electricity,Kirchhoff's rules,IN,,SYL-2026-27 Class XII theory (cbseacademic SecPart2)
T-03-11,G1,16,II,03,Current Electricity,Wheatstone bridge,IN,,SYL-2026-27 Class XII theory (cbseacademic SecPart2)
T-03-D1,G1,16,II,03,Current Electricity,Carbon resistor colour code,VERIFY-DEL,,absent from SYL-2026-27 but in older syllabi — confirm against NCERT rationalised list at Batch 0
T-03-D2,G1,16,II,03,Current Electricity,Metre bridge (theory),VERIFY-DEL,,absent from SYL-2026-27 but in older syllabi — confirm against NCERT rationalised list at Batch 0
T-03-D3,G1,16,II,03,Current Electricity,Potentiometer,VERIFY-DEL,,absent from SYL-2026-27 but in older syllabi — confirm against NCERT rationalised list at Batch 0
T-04-01,G2,17,III,04,Moving Charges and Magnetism,Concept of magnetic field; Oersted's experiment,IN,,SYL-2026-27 Class XII theory (cbseacademic SecPart2)
T-04-02,G2,17,III,04,Moving Charges and Magnetism,Biot-Savart law; field on the axis of a circular current loop,IN,,SYL-2026-27 Class XII theory (cbseacademic SecPart2)
T-04-03,G2,17,III,04,Moving Charges and Magnetism,Ampere's law; field of an infinitely long straight wire,IN,only this application,SYL-2026-27 Class XII theory (cbseacademic SecPart2)
T-04-04,G2,17,III,04,Moving Charges and Magnetism,Straight solenoid,IN,qualitative treatment only,SYL-2026-27 Class XII theory (cbseacademic SecPart2)
T-04-05,G2,17,III,04,Moving Charges and Magnetism,Force on a moving charge in uniform magnetic and electric fields,IN,,SYL-2026-27 Class XII theory (cbseacademic SecPart2)
T-04-06,G2,17,III,04,Moving Charges and Magnetism,Force on a current-carrying conductor in a uniform magnetic field,IN,,SYL-2026-27 Class XII theory (cbseacademic SecPart2)
T-04-07,G2,17,III,04,Moving Charges and Magnetism,Force between two parallel current-carrying conductors; definition of ampere,IN,,SYL-2026-27 Class XII theory (cbseacademic SecPart2)
T-04-08,G2,17,III,04,Moving Charges and Magnetism,Torque on a current loop in a uniform magnetic field,IN,,SYL-2026-27 Class XII theory (cbseacademic SecPart2)
T-04-09,G2,17,III,04,Moving Charges and Magnetism,Current loop as a magnetic dipole; magnetic dipole moment,IN,,SYL-2026-27 Class XII theory (cbseacademic SecPart2)
T-04-10,G2,17,III,04,Moving Charges and Magnetism,Moving coil galvanometer; current sensitivity,IN,,SYL-2026-27 Class XII theory (cbseacademic SecPart2)
T-04-11,G2,17,III,04,Moving Charges and Magnetism,Conversion of a galvanometer into an ammeter and a voltmeter,IN,,SYL-2026-27 Class XII theory (cbseacademic SecPart2)
T-04-D1,G2,17,III,04,Moving Charges and Magnetism,Cyclotron,VERIFY-DEL,,absent from SYL-2026-27 but in older syllabi — confirm against NCERT rationalised list at Batch 0
T-04-D2,G2,17,III,04,Moving Charges and Magnetism,Toroid,VERIFY-DEL,,absent from SYL-2026-27 but in older syllabi — confirm against NCERT rationalised list at Batch 0
T-05-01,G2,17,III,05,Magnetism and Matter,Bar magnet; bar magnet as an equivalent solenoid,IN,qualitative treatment only,SYL-2026-27 Class XII theory (cbseacademic SecPart2)
T-05-02,G2,17,III,05,Magnetism and Matter,Field of a magnetic dipole (bar magnet) along its axis and perpendicular to it,IN,qualitative treatment only,SYL-2026-27 Class XII theory (cbseacademic SecPart2)
T-05-03,G2,17,III,05,Magnetism and Matter,Torque on a magnetic dipole (bar magnet) in a uniform magnetic field,IN,qualitative treatment only,SYL-2026-27 Class XII theory (cbseacademic SecPart2)
T-05-04,G2,17,III,05,Magnetism and Matter,Magnetic field lines,IN,,SYL-2026-27 Class XII theory (cbseacademic SecPart2)
T-05-05,G2,17,III,05,Magnetism and Matter,"Para-, dia- and ferromagnetic substances with examples",IN,,SYL-2026-27 Class XII theory (cbseacademic SecPart2)
T-05-06,G2,17,III,05,Magnetism and Matter,Magnetisation of materials,IN,,SYL-2026-27 Class XII theory (cbseacademic SecPart2)
T-05-07,G2,17,III,05,Magnetism and Matter,Effect of temperature on magnetic properties,IN,,SYL-2026-27 Class XII theory (cbseacademic SecPart2)
T-05-D1,G2,17,III,05,Magnetism and Matter,Earth's magnetism and magnetic elements,VERIFY-DEL,,absent from SYL-2026-27 but in older syllabi — confirm against NCERT rationalised list at Batch 0
T-05-D2,G2,17,III,05,Magnetism and Matter,Gauss's law for magnetism,VERIFY-DEL,,absent from SYL-2026-27 but in older syllabi — confirm against NCERT rationalised list at Batch 0
T-05-D3,G2,17,III,05,Magnetism and Matter,Hysteresis; permanent magnets and electromagnets,VERIFY-DEL,,absent from SYL-2026-27 but in older syllabi — confirm against NCERT rationalised list at Batch 0
T-06-01,G2,17,IV,06,Electromagnetic Induction,Electromagnetic induction; Faraday's laws,IN,,SYL-2026-27 Class XII theory (cbseacademic SecPart2)
T-06-02,G2,17,IV,06,Electromagnetic Induction,Induced emf and current,IN,,SYL-2026-27 Class XII theory (cbseacademic SecPart2)
T-06-03,G2,17,IV,06,Electromagnetic Induction,Lenz's law,IN,,SYL-2026-27 Class XII theory (cbseacademic SecPart2)
T-06-04,G2,17,IV,06,Electromagnetic Induction,Self-induction,IN,,SYL-2026-27 Class XII theory (cbseacademic SecPart2)
T-06-05,G2,17,IV,06,Electromagnetic Induction,Mutual induction,IN,,SYL-2026-27 Class XII theory (cbseacademic SecPart2)
T-06-D1,G2,17,IV,06,Electromagnetic Induction,Eddy currents,VERIFY-DEL,,absent from SYL-2026-27 but in older syllabi — confirm against NCERT rationalised list at Batch 0
T-07-01,G2,17,IV,07,Alternating Current,Alternating current; peak and rms values,IN,,SYL-2026-27 Class XII theory (cbseacademic SecPart2)
T-07-02,G2,17,IV,07,Alternating Current,Reactance and impedance,IN,,SYL-2026-27 Class XII theory (cbseacademic SecPart2)
T-07-03,G2,17,IV,07,Alternating Current,LCR series circuit,IN,phasors only,SYL-2026-27 Class XII theory (cbseacademic SecPart2)
T-07-04,G2,17,IV,07,Alternating Current,Resonance,IN,,SYL-2026-27 Class XII theory (cbseacademic SecPart2)
T-07-05,G2,17,IV,07,Alternating Current,Power in AC circuits; power factor,IN,,SYL-2026-27 Class XII theory (cbseacademic SecPart2)
T-07-06,G2,17,IV,07,Alternating Current,Wattless current,IN,,SYL-2026-27 Class XII theory (cbseacademic SecPart2)
T-07-07,G2,17,IV,07,Alternating Current,AC generator,IN,,SYL-2026-27 Class XII theory (cbseacademic SecPart2)
T-07-08,G2,17,IV,07,Alternating Current,Transformer,IN,,SYL-2026-27 Class XII theory (cbseacademic SecPart2)
T-07-D1,G2,17,IV,07,Alternating Current,LC oscillations,VERIFY-DEL,,absent from SYL-2026-27 but in older syllabi — confirm against NCERT rationalised list at Batch 0
T-08-01,G3,18,V,08,Electromagnetic Waves,Displacement current,IN,basic idea only,SYL-2026-27 Class XII theory (cbseacademic SecPart2)
T-08-02,G3,18,V,08,Electromagnetic Waves,Electromagnetic waves and their characteristics,IN,,SYL-2026-27 Class XII theory (cbseacademic SecPart2)
T-08-03,G3,18,V,08,Electromagnetic Waves,Transverse nature of EM waves,IN,qualitative idea only,SYL-2026-27 Class XII theory (cbseacademic SecPart2)
T-08-04,G3,18,V,08,Electromagnetic Waves,"Electromagnetic spectrum (radio, micro, IR, visible, UV, X, gamma) and uses",IN,,SYL-2026-27 Class XII theory (cbseacademic SecPart2)
T-09-01,G3,18,VI,09,Ray Optics and Optical Instruments,Reflection of light; spherical mirrors; mirror formula,IN,,SYL-2026-27 Class XII theory (cbseacademic SecPart2)
T-09-02,G3,18,VI,09,Ray Optics and Optical Instruments,Refraction of light,IN,,SYL-2026-27 Class XII theory (cbseacademic SecPart2)
T-09-03,G3,18,VI,09,Ray Optics and Optical Instruments,Total internal reflection; optical fibres,IN,,SYL-2026-27 Class XII theory (cbseacademic SecPart2)
T-09-04,G3,18,VI,09,Ray Optics and Optical Instruments,Refraction at spherical surfaces,IN,,SYL-2026-27 Class XII theory (cbseacademic SecPart2)
T-09-05,G3,18,VI,09,Ray Optics and Optical Instruments,Lenses; thin lens formula; magnification,IN,,SYL-2026-27 Class XII theory (cbseacademic SecPart2)
T-09-06,G3,18,VI,09,Ray Optics and Optical Instruments,Lens maker's formula,IN,,SYL-2026-27 Class XII theory (cbseacademic SecPart2)
T-09-07,G3,18,VI,09,Ray Optics and Optical Instruments,Power of a lens; combination of thin lenses in contact,IN,,SYL-2026-27 Class XII theory (cbseacademic SecPart2)
T-09-08,G3,18,VI,09,Ray Optics and Optical Instruments,Refraction of light through a prism,IN,,SYL-2026-27 Class XII theory (cbseacademic SecPart2)
T-09-09,G3,18,VI,09,Ray Optics and Optical Instruments,Microscopes and their magnifying powers,IN,,SYL-2026-27 Class XII theory (cbseacademic SecPart2)
T-09-10,G3,18,VI,09,Ray Optics and Optical Instruments,Astronomical telescopes (refracting and reflecting) and their magnifying powers,IN,,SYL-2026-27 Class XII theory (cbseacademic SecPart2)
T-09-D1,G3,18,VI,09,Ray Optics and Optical Instruments,Scattering of light,VERIFY-DEL,,absent from SYL-2026-27 but in older syllabi — confirm against NCERT rationalised list at Batch 0
T-09-D2,G3,18,VI,09,Ray Optics and Optical Instruments,Dispersion by a prism; rainbow,VERIFY-DEL,,absent from SYL-2026-27 but in older syllabi — confirm against NCERT rationalised list at Batch 0
T-10-01,G3,18,VI,10,Wave Optics,Wavefront and Huygens' principle,IN,,SYL-2026-27 Class XII theory (cbseacademic SecPart2)
T-10-02,G3,18,VI,10,Wave Optics,Reflection and refraction of a plane wave using wavefronts; proof of the laws,IN,,SYL-2026-27 Class XII theory (cbseacademic SecPart2)
T-10-03,G3,18,VI,10,Wave Optics,Interference; coherent sources and sustained interference,IN,,SYL-2026-27 Class XII theory (cbseacademic SecPart2)
T-10-04,G3,18,VI,10,Wave Optics,Young's double-slit experiment; fringe width,IN,"no derivation, final expression only",SYL-2026-27 Class XII theory (cbseacademic SecPart2)
T-10-05,G3,18,VI,10,Wave Optics,Diffraction due to a single slit; width of central maximum,IN,qualitative treatment only,SYL-2026-27 Class XII theory (cbseacademic SecPart2)
T-10-D1,G3,18,VI,10,Wave Optics,Polarisation; Brewster's law; polaroids,VERIFY-DEL,,absent from SYL-2026-27 but in older syllabi — confirm against NCERT rationalised list at Batch 0
T-10-D2,G3,18,VI,10,Wave Optics,Resolving power of optical instruments,VERIFY-DEL,,absent from SYL-2026-27 but in older syllabi — confirm against NCERT rationalised list at Batch 0
T-10-D3,G3,18,VI,10,Wave Optics,Doppler effect of light,VERIFY-DEL,,absent from SYL-2026-27 but in older syllabi — confirm against NCERT rationalised list at Batch 0
T-11-01,G4,12,VII,11,Dual Nature of Radiation and Matter,Dual nature of radiation,IN,,SYL-2026-27 Class XII theory (cbseacademic SecPart2)
T-11-02,G4,12,VII,11,Dual Nature of Radiation and Matter,Photoelectric effect; Hertz and Lenard's observations,IN,,SYL-2026-27 Class XII theory (cbseacademic SecPart2)
T-11-03,G4,12,VII,11,Dual Nature of Radiation and Matter,Einstein's photoelectric equation; particle nature of light,IN,,SYL-2026-27 Class XII theory (cbseacademic SecPart2)
T-11-04,G4,12,VII,11,Dual Nature of Radiation and Matter,Experimental study of the photoelectric effect,IN,,SYL-2026-27 Class XII theory (cbseacademic SecPart2)
T-11-05,G4,12,VII,11,Dual Nature of Radiation and Matter,Matter waves; de Broglie relation,IN,,SYL-2026-27 Class XII theory (cbseacademic SecPart2)
T-11-D1,G4,12,VII,11,Dual Nature of Radiation and Matter,Davisson-Germer experiment,VERIFY-DEL,,absent from SYL-2026-27 but in older syllabi — confirm against NCERT rationalised list at Batch 0
T-12-01,G4,12,VIII,12,Atoms,Alpha-particle scattering experiment,IN,,SYL-2026-27 Class XII theory (cbseacademic SecPart2)
T-12-02,G4,12,VIII,12,Atoms,Rutherford's model of the atom,IN,,SYL-2026-27 Class XII theory (cbseacademic SecPart2)
T-12-03,G4,12,VIII,12,Atoms,Bohr model; radius of the nth orbit,IN,,SYL-2026-27 Class XII theory (cbseacademic SecPart2)
T-12-04,G4,12,VIII,12,Atoms,Velocity and energy of the electron in the nth orbit,IN,,SYL-2026-27 Class XII theory (cbseacademic SecPart2)
T-12-05,G4,12,VIII,12,Atoms,Hydrogen line spectra,IN,qualitative treatment only,SYL-2026-27 Class XII theory (cbseacademic SecPart2)
T-13-01,G4,12,VIII,13,Nuclei,Composition and size of the nucleus,IN,,SYL-2026-27 Class XII theory (cbseacademic SecPart2)
T-13-02,G4,12,VIII,13,Nuclei,Nuclear force,IN,,SYL-2026-27 Class XII theory (cbseacademic SecPart2)
T-13-03,G4,12,VIII,13,Nuclei,Mass-energy relation; mass defect,IN,,SYL-2026-27 Class XII theory (cbseacademic SecPart2)
T-13-04,G4,12,VIII,13,Nuclei,Binding energy per nucleon and its variation with mass number,IN,,SYL-2026-27 Class XII theory (cbseacademic SecPart2)
T-13-05,G4,12,VIII,13,Nuclei,Nuclear fission,IN,,SYL-2026-27 Class XII theory (cbseacademic SecPart2)
T-13-06,G4,12,VIII,13,Nuclei,Nuclear fusion,IN,,SYL-2026-27 Class XII theory (cbseacademic SecPart2)
T-13-D1,G4,12,VIII,13,Nuclei,"Radioactivity (alpha, beta, gamma decay; half-life; decay law)",VERIFY-DEL,,absent from SYL-2026-27 but in older syllabi — confirm against NCERT rationalised list at Batch 0
T-14-01,G5,7,IX,14,"Semiconductor Electronics: Materials, Devices and Simple Circuits","Energy bands in conductors, semiconductors and insulators",IN,qualitative ideas only,SYL-2026-27 Class XII theory (cbseacademic SecPart2)
T-14-02,G5,7,IX,14,"Semiconductor Electronics: Materials, Devices and Simple Circuits","Intrinsic and extrinsic semiconductors (p-type, n-type)",IN,,SYL-2026-27 Class XII theory (cbseacademic SecPart2)
T-14-03,G5,7,IX,14,"Semiconductor Electronics: Materials, Devices and Simple Circuits",p-n junction,IN,,SYL-2026-27 Class XII theory (cbseacademic SecPart2)
T-14-04,G5,7,IX,14,"Semiconductor Electronics: Materials, Devices and Simple Circuits",Semiconductor diode: I-V characteristics in forward and reverse bias,IN,,SYL-2026-27 Class XII theory (cbseacademic SecPart2)
T-14-05,G5,7,IX,14,"Semiconductor Electronics: Materials, Devices and Simple Circuits",Application of junction diode: diode as a rectifier,IN,,SYL-2026-27 Class XII theory (cbseacademic SecPart2)
T-14-D1,G5,7,IX,14,"Semiconductor Electronics: Materials, Devices and Simple Circuits","Zener diode, LED, photodiode, solar cell",VERIFY-DEL,,absent from SYL-2026-27 but in older syllabi — confirm against NCERT rationalised list at Batch 0
T-14-D2,G5,7,IX,14,"Semiconductor Electronics: Materials, Devices and Simple Circuits",Transistors,VERIFY-DEL,,absent from SYL-2026-27 but in older syllabi — confirm against NCERT rationalised list at Batch 0
T-14-D3,G5,7,IX,14,"Semiconductor Electronics: Materials, Devices and Simple Circuits",Logic gates,VERIFY-DEL,,absent from SYL-2026-27 but in older syllabi — confirm against NCERT rationalised list at Batch 0
T-15-D1,DEL,0,-,15,Communication Systems (deleted chapter),Communication systems (whole chapter),DELETED,,whole chapter absent from SYL-2026-27
