code,family,chapter,topic_id,q_type,name,asks_you_to,skeleton,traps,status,alias_of,issued_batch,first_instance,note
PH-01-001,FAM-01-06 Charge properties,01,T-01-01,DEF,State quantisation and conservation of charge,"Asks you to say that charge comes only in whole-number multiples of e and that total charge never changes, with an example.",Statement q = ne; meaning; conservation statement; example,,DRAFT,,seed,,recalled seed - DRAFT until a real instance verifies it; skeleton to be replaced by printed scheme lines
PH-01-002,FAM-01-01 Coulomb's law and superposition,01,T-01-03,NUM,Find the net Coulomb force on one charge from several charges,Asks you to find each push or pull on one charge separately and add them as arrows to get the total force.,Coulomb force for each pair; directions; vector sum; magnitude with unit and direction,,DRAFT,,seed,,recalled seed - DRAFT until a real instance verifies it; skeleton to be replaced by printed scheme lines
PH-01-003,FAM-01-01 Coulomb's law and superposition,01,T-01-03,NUM,Find where a third charge feels zero net force,Asks you to find the point near two charges where their forces on a third charge cancel.,Equate magnitudes; solve for distance; check side; answer with unit,,DRAFT,,seed,,recalled seed - DRAFT until a real instance verifies it; skeleton to be replaced by printed scheme lines
PH-01-004,FAM-01-02 Electric field and field lines,01,T-01-05,NUM,Find the electric field at a point due to several charges,Asks you to find the field from each charge at a point and add them as arrows.,E = kq/r^2 per charge; directions; vector sum; result with unit,,DRAFT,,seed,,recalled seed - DRAFT until a real instance verifies it; skeleton to be replaced by printed scheme lines
PH-01-005,FAM-01-02 Electric field and field lines,01,T-01-06,CON,State properties of field lines and why they never cross,Asks you to list how electric field lines behave and explain why two of them can never intersect.,Properties list; reason: field has one direction at a point,,DRAFT,,seed,,recalled seed - DRAFT until a real instance verifies it; skeleton to be replaced by printed scheme lines
PH-01-006,FAM-01-02 Electric field and field lines,01,T-01-06,GRF,Sketch field lines for given charge arrangements,Asks you to draw the field-line pattern around given charges with correct directions and spacing.,"Start on +, end on -; arrows; density shows strength; symmetry",,DRAFT,,seed,,recalled seed - DRAFT until a real instance verifies it; skeleton to be replaced by printed scheme lines
PH-01-007,FAM-01-03 Electric dipole,01,T-01-07,DRV,Derive the field of a dipole on its axial line,"Asks you to show step by step how the field on the dipole's axis depends on distance, ending at 2kp/r^3 far away.",Diagram; fields of +q and -q; subtract; simplify; far-field limit; direction,,DRAFT,,seed,,recalled seed - DRAFT until a real instance verifies it; skeleton to be replaced by printed scheme lines
PH-01-008,FAM-01-03 Electric dipole,01,T-01-07,DRV,Derive the field of a dipole on its equatorial line,"Asks you to show how the field on the line through the dipole's middle works out, ending at kp/r^3 opposite to p.",Diagram; resolve components; cancel and add; simplify; far-field limit; direction,,DRAFT,,seed,,recalled seed - DRAFT until a real instance verifies it; skeleton to be replaced by printed scheme lines
PH-01-009,FAM-01-03 Electric dipole,01,T-01-08,DRV,Derive the torque on a dipole in a uniform field,Asks you to show that a dipole in a uniform field feels a turning effect pE sin(theta) but no net force.,Diagram; forces qE on both charges; net force zero; couple; torque = p x E,,DRAFT,,seed,,recalled seed - DRAFT until a real instance verifies it; skeleton to be replaced by printed scheme lines
PH-01-010,FAM-01-03 Electric dipole,01,T-01-08,PRD,Predict a dipole's motion in uniform and non-uniform fields,"Asks you to decide whether a dipole will turn, move, or both in a given field, and justify it.",Uniform: torque only; non-uniform: net force and torque; stable and unstable positions,,DRAFT,,seed,,recalled seed - DRAFT until a real instance verifies it; skeleton to be replaced by printed scheme lines
PH-01-011,FAM-01-04 Electric flux,01,T-01-09,NUM,Calculate electric flux through a surface or closed surface,"Asks you to find how much field passes through a surface, using E.A or Gauss's law for closed surfaces.",flux = EA cos(theta) or q/eps0; substitution; result with unit,,DRAFT,,seed,,recalled seed - DRAFT until a real instance verifies it; skeleton to be replaced by printed scheme lines
PH-01-012,FAM-01-05 Gauss's law applications,01,T-01-10,DEF,State Gauss's law and explain a Gaussian surface,Asks you to state Gauss's law in words and symbols and say how the imaginary closed surface is chosen.,Statement flux = q_enc/eps0; meaning of terms; choice of surface,,DRAFT,,seed,,recalled seed - DRAFT until a real instance verifies it; skeleton to be replaced by printed scheme lines
PH-01-013,FAM-01-05 Gauss's law applications,01,T-01-11,DRV,Derive the field of a long charged wire using Gauss's law,Asks you to use a cylindrical Gaussian surface to show the field of a long charged wire falls as 1/r.,Cylinder diagram; flux through curved surface only; enclosed charge; solve E = lambda/(2 pi eps0 r),,DRAFT,,seed,,recalled seed - DRAFT until a real instance verifies it; skeleton to be replaced by printed scheme lines
PH-01-014,FAM-01-05 Gauss's law applications,01,T-01-12,DRV,Derive the field of an infinite charged sheet using Gauss's law,Asks you to use a pillbox surface to show the field near a large charged sheet is sigma/2eps0.,Pillbox diagram; flux through two faces; enclosed charge; solve; direction,,DRAFT,,seed,,recalled seed - DRAFT until a real instance verifies it; skeleton to be replaced by printed scheme lines
PH-01-015,FAM-01-05 Gauss's law applications,01,T-01-13,DRV,Derive the field inside and outside a charged thin shell,Asks you to use spherical Gaussian surfaces to show the field is zero inside and like a point charge outside.,Two spheres; symmetry; outside kQ/r^2; inside zero; E versus r graph,,DRAFT,,seed,,recalled seed - DRAFT until a real instance verifies it; skeleton to be replaced by printed scheme lines
PH-01-016,FAM-01-05 Gauss's law applications,01,T-01-12,NUM,Find the field between and outside two charged parallel sheets,"Asks you to add the fields of two large charged sheets in each region, each being sigma/2eps0.",Field of each sheet with direction; add per region; result,,DRAFT,,seed,,recalled seed - DRAFT until a real instance verifies it; skeleton to be replaced by printed scheme lines
PH-02-001,FAM-02-01 Potential of charges and dipoles,02,T-02-04,NUM,Find the potential at a point due to several charges,"Asks you to add the potentials from each charge, as signed numbers, at a given point.",V = kq/r each; algebraic sum; result with unit,,DRAFT,,seed,,recalled seed - DRAFT until a real instance verifies it; skeleton to be replaced by printed scheme lines
PH-02-002,FAM-02-01 Potential of charges and dipoles,02,T-02-03,DRV,Derive the potential due to a dipole at a general point,"Asks you to show that a dipole's potential far away is kp cos(theta)/r^2, with axial and equatorial cases.",Diagram; potentials of +q and -q; approximation r >> a; result; special cases,,DRAFT,,seed,,recalled seed - DRAFT until a real instance verifies it; skeleton to be replaced by printed scheme lines
PH-02-003,FAM-02-01 Potential of charges and dipoles,02,T-02-02,GRF,Interpret potential and field versus distance graphs,Asks you to read or draw graphs of how potential and field change with distance from charges.,Correct shape; sign; asymptotes; E = -dV/dr link,,DRAFT,,seed,,recalled seed - DRAFT until a real instance verifies it; skeleton to be replaced by printed scheme lines
PH-02-004,FAM-02-02 Equipotentials and field-potential relation,02,T-02-05,CON,Explain equipotential surfaces and why field is perpendicular to them,"Asks you to describe surfaces of equal potential, sketch them, and explain why field lines cross them at right angles.",Definition; no work along the surface; so E is perpendicular; sketches,,DRAFT,,seed,,recalled seed - DRAFT until a real instance verifies it; skeleton to be replaced by printed scheme lines
PH-02-005,FAM-02-02 Equipotentials and field-potential relation,02,T-02-01,NUM,Find work done or field from a potential difference,"Asks you to use the potential difference to find the work to move a charge, or the field between points.",W = q dV; E = -dV/dr; substitution; result with unit and sign,,DRAFT,,seed,,recalled seed - DRAFT until a real instance verifies it; skeleton to be replaced by printed scheme lines
PH-02-006,FAM-02-03 Electrostatic potential energy,02,T-02-06,NUM,Find the potential energy of a system of charges,Asks you to add the energy of every pair of charges to find the work needed to build the arrangement.,U = kq1q2/r for each pair; sum; meaning of sign; result,,DRAFT,,seed,,recalled seed - DRAFT until a real instance verifies it; skeleton to be replaced by printed scheme lines
PH-02-007,FAM-02-03 Electrostatic potential energy,02,T-02-07,DRV,Derive the potential energy of a dipole in a uniform field,Asks you to show a dipole's energy in a field is -pE cos(theta) and find the work to rotate it.,Work as integral of torque; integrate; reference angle; U = -p.E; work between angles,,DRAFT,,seed,,recalled seed - DRAFT until a real instance verifies it; skeleton to be replaced by printed scheme lines
PH-02-008,FAM-02-04 Conductors and dielectrics,02,T-02-08,CON,Explain electrostatics of conductors,"Asks you to explain why the field inside a conductor is zero, where its charge sits, and why the surface field is perpendicular.",Four properties with reasons; electrostatic shielding example,,DRAFT,,seed,,recalled seed - DRAFT until a real instance verifies it; skeleton to be replaced by printed scheme lines
PH-02-009,FAM-02-04 Conductors and dielectrics,02,T-02-09,CON,Explain polarisation of a dielectric and the reduced field,Asks you to describe how a dielectric's molecules respond to a field and why the field inside becomes weaker.,Polar and non-polar molecules; induced dipoles; opposing field; dielectric constant,,DRAFT,,seed,,recalled seed - DRAFT until a real instance verifies it; skeleton to be replaced by printed scheme lines
PH-02-010,FAM-02-05 Capacitors,02,T-02-12,DRV,Derive the capacitance of a parallel-plate capacitor with or without dielectric,Asks you to show C = eps0 A/d and how a dielectric slab or metal slab between the plates changes it.,Field sigma/eps0; V = Ed; C = Q/V; with slab V = E0(d-t) + E0 t/K; result,,DRAFT,,seed,,recalled seed - DRAFT until a real instance verifies it; skeleton to be replaced by printed scheme lines
PH-02-011,FAM-02-05 Capacitors,02,T-02-11,NUM,Find equivalent capacitance and charges in a capacitor network,Asks you to combine capacitors in series and parallel and find the charge and voltage on each one.,Series and parallel rules; equivalent C; Q = CV; share out; results with units,,DRAFT,,seed,,recalled seed - DRAFT until a real instance verifies it; skeleton to be replaced by printed scheme lines
PH-02-012,FAM-02-05 Capacitors,02,T-02-13,NUM,Find the energy stored in a capacitor or combination,"Asks you to use the energy formula of a capacitor (formula only, no derivation) to find the stored energy.",Choose form of U; substitution; result with unit,,DRAFT,,seed,,recalled seed - DRAFT until a real instance verifies it; skeleton to be replaced by printed scheme lines
PH-02-013,FAM-02-05 Capacitors,02,T-02-12,PRD,Predict capacitor changes when a dielectric slab is inserted,"Asks you to decide how each quantity changes when a slab goes in, with the battery connected or removed, and justify each.",Identify what stays constant; C becomes KC; each change reasoned; table,,DRAFT,,seed,,recalled seed - DRAFT until a real instance verifies it; skeleton to be replaced by printed scheme lines
PH-02-014,FAM-02-05 Capacitors,02,T-02-11,NUM,Find common potential and energy loss when capacitors are joined,Asks you to find the shared voltage after joining charged capacitors and the energy lost as heat.,Charge conservation; common V; energy before and after; loss,,DRAFT,,seed,,recalled seed - DRAFT until a real instance verifies it; skeleton to be replaced by printed scheme lines
PH-03-001,FAM-03-01 Current and drift,03,T-03-02,DRV,Derive the relation between current and drift velocity,Asks you to show that current equals neAv_d by counting the charges that cross a section of wire.,Diagram; charges in length v_d t; charge crossing; I = neAv_d,,DRAFT,,seed,,recalled seed - DRAFT until a real instance verifies it; skeleton to be replaced by printed scheme lines
PH-03-002,FAM-03-01 Current and drift,03,T-03-02,NUM,Calculate drift velocity or mobility of electrons,Asks you to use I = neAv_d or mobility = v_d/E to find how fast electrons drift.,Formula; substitution; result with unit,,DRAFT,,seed,,recalled seed - DRAFT until a real instance verifies it; skeleton to be replaced by printed scheme lines
PH-03-003,FAM-03-01 Current and drift,03,T-03-02,PRD,"Predict how drift velocity changes with voltage, length or area","Asks you to decide whether drift velocity rises, falls or stays the same when a wire or its voltage changes.",Write v_d in terms of V and l; reason each case,,DRAFT,,seed,,recalled seed - DRAFT until a real instance verifies it; skeleton to be replaced by printed scheme lines
PH-03-004,FAM-03-02 Resistance and resistivity,03,T-03-06,DRV,Derive resistivity in terms of relaxation time,Asks you to show resistivity equals m/(ne^2 tau) using the average time between collisions.,a = eE/m; v_d = eE tau/m; I = neAv_d; compare with Ohm's law; result,,DRAFT,,seed,,recalled seed - DRAFT until a real instance verifies it; skeleton to be replaced by printed scheme lines
PH-03-005,FAM-03-02 Resistance and resistivity,03,T-03-07,CON,Explain how resistivity changes with temperature,Asks you to explain why metals conduct worse and semiconductors better when heated.,Metals: tau falls; semiconductors: carrier number rises; graphs,,DRAFT,,seed,,recalled seed - DRAFT until a real instance verifies it; skeleton to be replaced by printed scheme lines
PH-03-006,FAM-03-02 Resistance and resistivity,03,T-03-04,GRF,Interpret V-I graphs of ohmic and non-ohmic conductors,Asks you to read V-I graphs to compare resistances or temperatures and spot non-ohmic behaviour.,Slope meaning; comparison; non-linear cases,,DRAFT,,seed,,recalled seed - DRAFT until a real instance verifies it; skeleton to be replaced by printed scheme lines
PH-03-007,FAM-03-02 Resistance and resistivity,03,T-03-06,NUM,Find the new resistance of a stretched or reshaped wire,Asks you to use the fact that volume stays the same to find how resistance changes when a wire is stretched.,R = rho l/A; volume constant; ratio; result,,DRAFT,,seed,,recalled seed - DRAFT until a real instance verifies it; skeleton to be replaced by printed scheme lines
PH-03-008,"FAM-03-03 Cells, emf and internal resistance",03,T-03-08,NUM,"Find terminal voltage, current or internal resistance of a cell","Asks you to use emf, internal resistance and load to find the current and the cell's terminal voltage.",I = E/(R + r); V = E - Ir; substitution; results,,DRAFT,,seed,,recalled seed - DRAFT until a real instance verifies it; skeleton to be replaced by printed scheme lines
PH-03-009,"FAM-03-03 Cells, emf and internal resistance",03,T-03-09,DRV,Derive the equivalent emf and internal resistance of combined cells,Asks you to combine cells in series or parallel and show the single equivalent cell.,Diagram; terminal-voltage equations; combine; equivalent expressions,,DRAFT,,seed,,recalled seed - DRAFT until a real instance verifies it; skeleton to be replaced by printed scheme lines
PH-03-010,FAM-03-04 Circuit laws and bridges,03,T-03-10,NUM,Apply Kirchhoff's rules to find currents in a network,Asks you to write junction and loop equations for a circuit and solve them for the unknown currents.,Label currents; junction rule; loop equations with signs; solve; results,,DRAFT,,seed,,recalled seed - DRAFT until a real instance verifies it; skeleton to be replaced by printed scheme lines
PH-03-011,FAM-03-04 Circuit laws and bridges,03,T-03-11,DRV,Derive the balance condition of a Wheatstone bridge,Asks you to use Kirchhoff's rules to show P/Q = R/S when no current flows through the galvanometer.,Circuit; I_g = 0; loop equations; ratio condition,,DRAFT,,seed,,recalled seed - DRAFT until a real instance verifies it; skeleton to be replaced by printed scheme lines
PH-03-012,FAM-03-04 Circuit laws and bridges,03,T-03-11,NUM,Use a Wheatstone bridge to find an unknown resistance,"Asks you to apply the balance condition, or check balance, to find an unknown resistance or current.",Balance check; ratio; result,,DRAFT,,seed,,recalled seed - DRAFT until a real instance verifies it; skeleton to be replaced by printed scheme lines
PH-03-013,FAM-03-05 Electrical power and energy,03,T-03-05,NUM,Calculate electrical power or energy in a circuit,Asks you to find power or energy using P = VI = I^2 R = V^2/R.,Choose formula; substitution; result with unit,,DRAFT,,seed,,recalled seed - DRAFT until a real instance verifies it; skeleton to be replaced by printed scheme lines
PH-03-014,FAM-03-01 Current and drift,03,T-03-03,DEF,"Define current density, conductivity or mobility, or state Ohm's law",Asks you to give the exact definition or statement with its SI unit.,Statement; formula; SI unit; scalar or vector,,DRAFT,,seed,,recalled seed - DRAFT until a real instance verifies it; skeleton to be replaced by printed scheme lines
PH-04-001,FAM-04-01 Biot-Savart applications,04,T-04-02,DRV,Derive the magnetic field on the axis of a circular loop,Asks you to use the Biot-Savart law to find the field at a point on a loop's axis and at its centre.,Diagram; dB; components cancel; integrate; axial formula; centre case,,DRAFT,,seed,,recalled seed - DRAFT until a real instance verifies it; skeleton to be replaced by printed scheme lines
PH-04-002,FAM-04-01 Biot-Savart applications,04,T-04-02,NUM,"Find the field at the centre of loops, arcs or combinations","Asks you to add the fields of loops or arcs at a common centre, with directions.",B for each part; directions; net field; result with unit,,DRAFT,,seed,,recalled seed - DRAFT until a real instance verifies it; skeleton to be replaced by printed scheme lines
PH-04-003,FAM-04-02 Ampere's law applications,04,T-04-03,DRV,Derive the field of a long straight wire using Ampere's law,Asks you to use a circular loop around a long wire to show its field is mu0 I/(2 pi r).,Statement; Amperian loop; symmetry; line integral; result; direction rule,,DRAFT,,seed,,recalled seed - DRAFT until a real instance verifies it; skeleton to be replaced by printed scheme lines
PH-04-004,FAM-04-02 Ampere's law applications,04,T-04-03,NUM,Find the net field due to parallel current-carrying wires,Asks you to find each wire's field at a point and add them with directions.,B = mu0 I/(2 pi r) each; directions; vector sum; result,,DRAFT,,seed,,recalled seed - DRAFT until a real instance verifies it; skeleton to be replaced by printed scheme lines
PH-04-005,FAM-04-03 Force on moving charges,04,T-04-05,NUM,Find the radius or period of a charge circling in a field,"Asks you to use qvB = mv^2/r to find the circle's radius, time period or frequency.",Force balance; r = mv/qB; T = 2 pi m/qB; substitution; results,,DRAFT,,seed,,recalled seed - DRAFT until a real instance verifies it; skeleton to be replaced by printed scheme lines
PH-04-006,FAM-04-03 Force on moving charges,04,T-04-05,PRD,Predict the path of a charge in electric and magnetic fields,Asks you to decide how a charged particle moves and find the condition for it to pass undeflected.,Force directions; qE = qvB; v = E/B; path reasoning,,DRAFT,,seed,,recalled seed - DRAFT until a real instance verifies it; skeleton to be replaced by printed scheme lines
PH-04-007,FAM-04-04 Force on conductors,04,T-04-06,NUM,Find the force on a current-carrying conductor in a field,Asks you to find the size and direction of the force on a current-carrying wire in a magnetic field.,F = BIl sin(theta); direction rule; result,,DRAFT,,seed,,recalled seed - DRAFT until a real instance verifies it; skeleton to be replaced by printed scheme lines
PH-04-008,FAM-04-04 Force on conductors,04,T-04-07,DRV,Derive the force between parallel currents and define the ampere,"Asks you to show parallel currents attract with force per length mu0 I1 I2/(2 pi d), then define one ampere.",Field of one wire; force on the other; per unit length; attraction or repulsion; definition,,DRAFT,,seed,,recalled seed - DRAFT until a real instance verifies it; skeleton to be replaced by printed scheme lines
PH-04-009,FAM-04-05 Current loops as dipoles,04,T-04-08,DRV,Derive the torque on a current loop in a magnetic field,Asks you to show that a rectangular coil in a field feels torque NIAB sin(theta).,Forces on each side; couple; torque = m x B; result,,DRAFT,,seed,,recalled seed - DRAFT until a real instance verifies it; skeleton to be replaced by printed scheme lines
PH-04-010,FAM-04-05 Current loops as dipoles,04,T-04-09,NUM,Find the magnetic moment of a loop or orbiting electron,"Asks you to use m = NIA, or the orbiting-electron form, to find the magnetic dipole moment.",Formula; substitution; result with unit and direction,,DRAFT,,seed,,recalled seed - DRAFT until a real instance verifies it; skeleton to be replaced by printed scheme lines
PH-04-011,FAM-04-06 Galvanometer and meters,04,T-04-10,DEV,Explain the principle and working of a moving coil galvanometer,"Asks you to explain how the coil turns in a field, why the field is radial, and what sets its sensitivity.",Labelled diagram; torque on coil; radial field; restoring torque; deflection formula; sensitivity,,DRAFT,,seed,,recalled seed - DRAFT until a real instance verifies it; skeleton to be replaced by printed scheme lines
PH-04-012,FAM-04-06 Galvanometer and meters,04,T-04-11,NUM,Convert a galvanometer into an ammeter or voltmeter,"Asks you to find the shunt for an ammeter, or the series resistance for a voltmeter, for a given range.",Shunt S = I_g G/(I - I_g) or series R = V/I_g - G; substitution; connection,,DRAFT,,seed,,recalled seed - DRAFT until a real instance verifies it; skeleton to be replaced by printed scheme lines
PH-04-013,FAM-04-06 Galvanometer and meters,04,T-04-10,CON,Explain current and voltage sensitivity of a galvanometer,Asks you to define both sensitivities and explain why raising one need not raise the other.,Definitions; expressions; effect of turns; reasoning,,DRAFT,,seed,,recalled seed - DRAFT until a real instance verifies it; skeleton to be replaced by printed scheme lines
PH-05-001,FAM-05-01 Bar magnet and field lines,05,T-05-01,CON,Compare a bar magnet with a current-carrying solenoid,"Asks you to explain, without calculation, why a bar magnet and a solenoid give similar fields.",Field-line similarity; equivalent dipole; qualitative only,,DRAFT,,seed,,recalled seed - DRAFT until a real instance verifies it; skeleton to be replaced by printed scheme lines
PH-05-002,FAM-05-01 Bar magnet and field lines,05,T-05-04,CON,State properties of magnetic field lines,Asks you to list how magnetic field lines behave and how they differ from electric field lines.,Closed loops; never cross; density shows strength; contrast with electric lines,,DRAFT,,seed,,recalled seed - DRAFT until a real instance verifies it; skeleton to be replaced by printed scheme lines
PH-05-003,FAM-05-01 Bar magnet and field lines,05,T-05-03,PRD,Predict a bar magnet's behaviour in a uniform field,"Asks you to describe, without derivation, whether a magnet turns or moves in a uniform field and its stable position.",Torque aligns it; no net force; stable and unstable positions,,DRAFT,,seed,,recalled seed - DRAFT until a real instance verifies it; skeleton to be replaced by printed scheme lines
PH-05-004,FAM-05-02 Magnetic materials,05,T-05-05,CMP,"Distinguish dia-, para- and ferromagnetic substances","Asks you to compare the three kinds of magnetic materials by susceptibility, behaviour in a field and examples.","Table: susceptibility, permeability, behaviour, temperature effect, examples",,DRAFT,,seed,,recalled seed - DRAFT until a real instance verifies it; skeleton to be replaced by printed scheme lines
PH-05-005,FAM-05-02 Magnetic materials,05,T-05-05,PRD,Predict how a material moves in a non-uniform magnetic field,"Asks you to decide whether a material is pulled towards the stronger field or pushed away, and why.",Material type; attraction or repulsion; field-line sketch,,DRAFT,,seed,,recalled seed - DRAFT until a real instance verifies it; skeleton to be replaced by printed scheme lines
PH-05-006,FAM-05-02 Magnetic materials,05,T-05-07,CON,Explain the effect of temperature on magnetic properties,Asks you to explain Curie's law for paramagnets and what happens to a ferromagnet above its Curie temperature.,Susceptibility falls with temperature; Curie temperature; domains,,DRAFT,,seed,,recalled seed - DRAFT until a real instance verifies it; skeleton to be replaced by printed scheme lines
PH-05-007,FAM-05-02 Magnetic materials,05,T-05-06,NUM,"Calculate magnetisation, susceptibility or permeability","Asks you to use the relations between M, H, susceptibility and permeability to find one from the others.",Relations; substitution; result with unit,,DRAFT,,seed,,recalled seed - DRAFT until a real instance verifies it; skeleton to be replaced by printed scheme lines
PH-06-001,FAM-06-01 Faraday's law and motional emf,06,T-06-01,NUM,Find the induced emf from a changing magnetic flux,Asks you to use Faraday's law to find the emf or current produced by a changing field or area.,flux = BA cos(theta); rate of change; emf; current if resistance given,,DRAFT,,seed,,recalled seed - DRAFT until a real instance verifies it; skeleton to be replaced by printed scheme lines
PH-06-002,FAM-06-01 Faraday's law and motional emf,06,T-06-02,DRV,Derive the emf induced in a rod moving through a magnetic field,Asks you to show a rod sliding on rails in a field produces emf Blv.,Diagram; flux Blx; rate gives Blv; or force on charges; result,,DRAFT,,seed,,recalled seed - DRAFT until a real instance verifies it; skeleton to be replaced by printed scheme lines
PH-06-003,FAM-06-01 Faraday's law and motional emf,06,T-06-02,NUM,"Find emf, current, force or power for a moving rod or coil","Asks you to calculate the emf, current, magnetic drag force or power in a moving-conductor setup.",emf = Blv; I = emf/R; F = BIl; P = Fv; results,,DRAFT,,seed,,recalled seed - DRAFT until a real instance verifies it; skeleton to be replaced by printed scheme lines
PH-06-004,FAM-06-02 Lenz's law,06,T-06-03,CON,Find the direction of an induced current using Lenz's law,"Asks you to decide which way the induced current flows when a magnet or loop moves, and justify it.",Flux change; opposing field; current direction; reason,,DRAFT,,seed,,recalled seed - DRAFT until a real instance verifies it; skeleton to be replaced by printed scheme lines
PH-06-005,FAM-06-02 Lenz's law,06,T-06-03,CON,Explain Lenz's law as energy conservation,"Asks you to explain why the induced current must oppose its cause, or energy would come from nothing.",Statement; thought experiment; energy argument,,DRAFT,,seed,,recalled seed - DRAFT until a real instance verifies it; skeleton to be replaced by printed scheme lines
PH-06-006,FAM-06-03 Self and mutual inductance,06,T-06-04,DRV,Derive the self-inductance of a long solenoid,Asks you to show a long solenoid's self-inductance is mu0 n^2 A l.,B = mu0 n I; total flux linkage; L = N flux/I; result,,DRAFT,,seed,,recalled seed - DRAFT until a real instance verifies it; skeleton to be replaced by printed scheme lines
PH-06-007,FAM-06-03 Self and mutual inductance,06,T-06-05,DRV,Derive the mutual inductance of two coaxial solenoids,Asks you to show two long coaxial solenoids have mutual inductance mu0 n1 n2 A l.,Field of one; flux linked with the other; M = N2 flux/I1; result,,DRAFT,,seed,,recalled seed - DRAFT until a real instance verifies it; skeleton to be replaced by printed scheme lines
PH-06-008,FAM-06-03 Self and mutual inductance,06,T-06-04,NUM,"Find inductance, induced emf or stored magnetic energy","Asks you to use L, M, emf = -L dI/dt or energy = half L I^2 to find the unknown.",Formula; substitution; result with unit,,DRAFT,,seed,,recalled seed - DRAFT until a real instance verifies it; skeleton to be replaced by printed scheme lines
PH-07-001,FAM-07-01 AC basics,07,T-07-01,NUM,Find rms and peak values of alternating current or voltage,Asks you to convert between peak and rms values or read them from an equation.,I_rms = I0/root 2; read omega; results,,DRAFT,,seed,,recalled seed - DRAFT until a real instance verifies it; skeleton to be replaced by printed scheme lines
PH-07-002,FAM-07-02 Single-element AC circuits,07,T-07-02,NUM,Find reactance and current for a pure inductor or capacitor,Asks you to calculate inductive or capacitive reactance and the current that flows.,Reactance formula; I = V/X; results with units,,DRAFT,,seed,,recalled seed - DRAFT until a real instance verifies it; skeleton to be replaced by printed scheme lines
PH-07-003,FAM-07-02 Single-element AC circuits,07,T-07-02,GRF,"Draw phasors or graphs for a single R, L or C",Asks you to show the phase difference between voltage and current for a single element.,Correct lead or lag; labelled axes; phasor diagram,,DRAFT,,seed,,recalled seed - DRAFT until a real instance verifies it; skeleton to be replaced by printed scheme lines
PH-07-004,FAM-07-03 Series LCR and resonance,07,T-07-03,DRV,Derive the impedance of a series LCR circuit with phasors,Asks you to use a phasor diagram to find the circuit's impedance and phase angle.,Phasor diagram; voltage addition; Z formula; tan(phi),,DRAFT,,seed,,recalled seed - DRAFT until a real instance verifies it; skeleton to be replaced by printed scheme lines
PH-07-005,FAM-07-03 Series LCR and resonance,07,T-07-04,NUM,"Find resonant frequency, current and voltages at resonance","Asks you to use the resonance condition to find frequency, current and each element's voltage.",Resonance condition; omega0 = 1/root(LC); I = V/R; element voltages,,DRAFT,,seed,,recalled seed - DRAFT until a real instance verifies it; skeleton to be replaced by printed scheme lines
PH-07-006,FAM-07-03 Series LCR and resonance,07,T-07-04,GRF,Sketch current against frequency for a series LCR circuit,Asks you to draw the resonance curve and explain what makes it sharper or flatter.,Peak at resonance; effect of R; sharpness explained,,DRAFT,,seed,,recalled seed - DRAFT until a real instance verifies it; skeleton to be replaced by printed scheme lines
PH-07-007,FAM-07-04 Power in AC circuits,07,T-07-05,DRV,Derive average power in an AC circuit and define power factor,Asks you to show average power equals V_rms I_rms cos(phi) and explain power factor.,Instantaneous power; average; cos(phi); special cases,,DRAFT,,seed,,recalled seed - DRAFT until a real instance verifies it; skeleton to be replaced by printed scheme lines
PH-07-008,FAM-07-04 Power in AC circuits,07,T-07-06,CON,Explain wattless current,"Asks you to explain how a current can flow without using average power, with an example.",cos(phi) = 0; pure L or C; component of current,,DRAFT,,seed,,recalled seed - DRAFT until a real instance verifies it; skeleton to be replaced by printed scheme lines
PH-07-009,FAM-07-05 AC devices,07,T-07-07,DEV,Explain the principle and working of an AC generator,"Asks you to explain how a coil rotating in a field produces alternating emf, with a labelled diagram.",Diagram; induction principle; flux NBA cos(wt); emf NBAw sin(wt); parts,,DRAFT,,seed,,recalled seed - DRAFT until a real instance verifies it; skeleton to be replaced by printed scheme lines
PH-07-010,FAM-07-05 AC devices,07,T-07-08,DEV,Explain the principle and working of a transformer and its losses,"Asks you to explain how a transformer changes voltage, show the turns-ratio relation and list energy losses.",Diagram; mutual induction; Vs/Vp = Ns/Np; ideal assumptions; losses,,DRAFT,,seed,,recalled seed - DRAFT until a real instance verifies it; skeleton to be replaced by printed scheme lines
PH-07-011,FAM-07-05 AC devices,07,T-07-08,NUM,"Find voltage, current, turns ratio or efficiency of a transformer",Asks you to use the turns ratio and power relations to find the unknown quantity.,Ratio; power in and out; efficiency; results,,DRAFT,,seed,,recalled seed - DRAFT until a real instance verifies it; skeleton to be replaced by printed scheme lines
PH-08-001,FAM-08-01 Displacement current,08,T-08-01,CON,Explain displacement current and why it is needed,Asks you to explain how a changing electric field acts like a current and why Ampere's law needed it.,Capacitor-gap example; i_d = eps0 d(flux_E)/dt; consistency of Ampere's law,,DRAFT,,seed,,recalled seed - DRAFT until a real instance verifies it; skeleton to be replaced by printed scheme lines
PH-08-002,FAM-08-01 Displacement current,08,T-08-01,NUM,Find the displacement current in a charging capacitor,Asks you to calculate the displacement current from a changing field or voltage between capacitor plates.,i_d = eps0 d(flux_E)/dt or C dV/dt; substitution; result,,DRAFT,,seed,,recalled seed - DRAFT until a real instance verifies it; skeleton to be replaced by printed scheme lines
PH-08-003,FAM-08-02 EM wave properties,08,T-08-02,CON,State the properties of electromagnetic waves,"Asks you to list the key features of EM waves, like being transverse and travelling at speed c.","Transverse; E, B and direction mutually perpendicular; c = 1/root(mu0 eps0); no medium needed",,DRAFT,,seed,,recalled seed - DRAFT until a real instance verifies it; skeleton to be replaced by printed scheme lines
PH-08-004,FAM-08-02 EM wave properties,08,T-08-03,DGM,"Draw an EM wave showing E, B and direction of travel",Asks you to sketch an electromagnetic wave with correctly oriented electric and magnetic fields and its direction.,E and B waves in phase; perpendicular planes; direction arrow; labels,,DRAFT,,seed,,recalled seed - DRAFT until a real instance verifies it; skeleton to be replaced by printed scheme lines
PH-08-005,FAM-08-02 EM wave properties,08,T-08-02,NUM,"Find wavelength, frequency or field amplitude of an EM wave",Asks you to use c = f lambda and E0 = c B0 to find the missing quantity.,Relations; substitution; result with unit,,DRAFT,,seed,,recalled seed - DRAFT until a real instance verifies it; skeleton to be replaced by printed scheme lines
PH-08-006,FAM-08-03 EM spectrum,08,T-08-04,DEF,"Identify an EM wave from its source, use or wavelength","Asks you to name the part of the spectrum that matches a given use, source or wavelength.",Correct name; one supporting fact,,DRAFT,,seed,,recalled seed - DRAFT until a real instance verifies it; skeleton to be replaced by printed scheme lines
PH-08-007,FAM-08-03 EM spectrum,08,T-08-04,CMP,Arrange EM waves by wavelength or frequency,Asks you to put given EM radiations in increasing or decreasing order of wavelength or frequency.,Correct order; direction of ordering stated,,DRAFT,,seed,,recalled seed - DRAFT until a real instance verifies it; skeleton to be replaced by printed scheme lines
PH-09-001,FAM-09-01 Mirrors,09,T-09-01,NUM,Find image position and magnification for a spherical mirror,Asks you to use the mirror formula with correct signs to locate an image and describe it.,Sign convention; mirror formula; m = -v/u; nature of image,,DRAFT,,seed,,recalled seed - DRAFT until a real instance verifies it; skeleton to be replaced by printed scheme lines
PH-09-002,FAM-09-01 Mirrors,09,T-09-01,DGM,Draw a ray diagram for a mirror or lens image,Asks you to draw the correct rays to locate an image and state its nature and size.,Two standard rays; arrows; image drawn; nature stated,,DRAFT,,seed,,recalled seed - DRAFT until a real instance verifies it; skeleton to be replaced by printed scheme lines
PH-09-003,FAM-09-02 Refraction and total internal reflection,09,T-09-03,CON,Explain total internal reflection and its applications,Asks you to state when total internal reflection happens and explain uses like optical fibres.,Denser to rarer; angle above critical; applications explained,,DRAFT,,seed,,recalled seed - DRAFT until a real instance verifies it; skeleton to be replaced by printed scheme lines
PH-09-004,FAM-09-02 Refraction and total internal reflection,09,T-09-03,NUM,Find the critical angle or refractive index from TIR data,"Asks you to use sin C = 1/n, or its two-medium form, to find the critical angle or refractive index.",Relation; substitution; result,,DRAFT,,seed,,recalled seed - DRAFT until a real instance verifies it; skeleton to be replaced by printed scheme lines
PH-09-005,FAM-09-03 Lenses,09,T-09-04,DRV,Derive the relation for refraction at a spherical surface,Asks you to derive the formula linking object and image distances for refraction at a curved surface.,Diagram; Snell's law for small angles; geometry; n2/v - n1/u = (n2 - n1)/R,,DRAFT,,seed,,recalled seed - DRAFT until a real instance verifies it; skeleton to be replaced by printed scheme lines
PH-09-006,FAM-09-03 Lenses,09,T-09-06,DRV,Derive the lens maker's formula,Asks you to apply refraction at both surfaces of a thin lens to get the lens maker's formula.,Two refractions; intermediate image; add; thin-lens step; result,,DRAFT,,seed,,recalled seed - DRAFT until a real instance verifies it; skeleton to be replaced by printed scheme lines
PH-09-007,FAM-09-03 Lenses,09,T-09-05,NUM,"Find image position, size or nature for a thin lens",Asks you to use the lens formula and magnification with correct signs to describe the image.,Lens formula; m = v/u; nature of image,,DRAFT,,seed,,recalled seed - DRAFT until a real instance verifies it; skeleton to be replaced by printed scheme lines
PH-09-008,FAM-09-03 Lenses,09,T-09-06,PRD,Predict how a lens changes when placed in another medium,Asks you to decide how a lens's focal length and behaviour change when it is immersed in a liquid.,Relative refractive index; new focal length; converging or diverging,,DRAFT,,seed,,recalled seed - DRAFT until a real instance verifies it; skeleton to be replaced by printed scheme lines
PH-09-009,FAM-09-03 Lenses,09,T-09-07,NUM,Find the power or focal length of lenses in contact,Asks you to add lens powers to find the combination's power and focal length.,P = 1/f; sum of powers; result in dioptre,,DRAFT,,seed,,recalled seed - DRAFT until a real instance verifies it; skeleton to be replaced by printed scheme lines
PH-09-010,FAM-09-04 Prism,09,T-09-08,DRV,Derive the prism formula for minimum deviation,Asks you to derive the refractive index of a prism in terms of its angle and minimum deviation.,Ray diagram; r1 + r2 = A; deviation equation; minimum condition; result,,DRAFT,,seed,,recalled seed - DRAFT until a real instance verifies it; skeleton to be replaced by printed scheme lines
PH-09-011,FAM-09-04 Prism,09,T-09-08,NUM,"Find refractive index, angles or deviation for a prism",Asks you to use prism relations to find the missing angle or refractive index.,Relations; substitution; result,,DRAFT,,seed,,recalled seed - DRAFT until a real instance verifies it; skeleton to be replaced by printed scheme lines
PH-09-012,FAM-09-05 Optical instruments,09,T-09-09,DGM,Draw a compound microscope diagram and give its magnifying power,Asks you to draw image formation in a compound microscope and write its magnifying power.,Diagram with objective and eyepiece; image positions; magnifying power formula,,DRAFT,,seed,,recalled seed - DRAFT until a real instance verifies it; skeleton to be replaced by printed scheme lines
PH-09-013,FAM-09-05 Optical instruments,09,T-09-10,DGM,Draw a telescope diagram and give its magnifying power,Asks you to draw how a refracting or reflecting telescope forms an image and state its magnifying power.,Diagram; m = f0/fe; advantages of reflecting type,,DRAFT,,seed,,recalled seed - DRAFT until a real instance verifies it; skeleton to be replaced by printed scheme lines
PH-09-014,FAM-09-05 Optical instruments,09,T-09-09,NUM,Find magnifying power or lengths for an optical instrument,"Asks you to calculate magnification, tube length or needed focal lengths for a microscope or telescope.",Formula; substitution; result,,DRAFT,,seed,,recalled seed - DRAFT until a real instance verifies it; skeleton to be replaced by printed scheme lines
PH-10-001,FAM-10-01 Wavefronts and Huygens' principle,10,T-10-01,DEF,Define a wavefront and state Huygens' principle,"Asks you to define a wavefront, name its shapes and state Huygens' principle.",Definition; types; principle statement,,DRAFT,,seed,,recalled seed - DRAFT until a real instance verifies it; skeleton to be replaced by printed scheme lines
PH-10-002,FAM-10-01 Wavefronts and Huygens' principle,10,T-10-02,DRV,Prove reflection or refraction laws using Huygens' construction,Asks you to use secondary wavelets and geometry to prove the law of reflection or Snell's law.,Diagram; wavelet radii; triangles; result,,DRAFT,,seed,,recalled seed - DRAFT until a real instance verifies it; skeleton to be replaced by printed scheme lines
PH-10-003,FAM-10-02 Interference,10,T-10-03,CON,Explain coherent sources and conditions for sustained interference,"Asks you to explain what coherent sources are, why they are needed, and conditions for a steady pattern.",Constant phase difference; conditions list,,DRAFT,,seed,,recalled seed - DRAFT until a real instance verifies it; skeleton to be replaced by printed scheme lines
PH-10-004,FAM-10-02 Interference,10,T-10-04,NUM,Find fringe width or fringe positions in Young's experiment,Asks you to use the fringe-width formula (no derivation needed) to find fringe width or positions.,beta = lambda D/d; substitution; result,,DRAFT,,seed,,recalled seed - DRAFT until a real instance verifies it; skeleton to be replaced by printed scheme lines
PH-10-005,FAM-10-02 Interference,10,T-10-04,PRD,Predict how Young's fringes change when conditions change,"Asks you to decide what happens to the fringes when the medium, slit gap, wavelength or screen distance changes.",Use beta = lambda D/d; reason each change,,DRAFT,,seed,,recalled seed - DRAFT until a real instance verifies it; skeleton to be replaced by printed scheme lines
PH-10-006,FAM-10-02 Interference,10,T-10-03,NUM,Find resultant or maximum and minimum intensity of interfering waves,"Asks you to combine two waves to find the resultant, maximum or minimum intensity.",I = I1 + I2 + 2 root(I1 I2) cos(phi); ratios,,DRAFT,,seed,,recalled seed - DRAFT until a real instance verifies it; skeleton to be replaced by printed scheme lines
PH-10-007,FAM-10-03 Diffraction,10,T-10-05,CON,Explain single-slit diffraction and the central maximum,Asks you to explain qualitatively why a single slit gives a wide central bright band and what changes its width.,Path-difference idea (qualitative); width grows with lambda/a,,DRAFT,,seed,,recalled seed - DRAFT until a real instance verifies it; skeleton to be replaced by printed scheme lines
PH-10-008,FAM-10-03 Diffraction,10,T-10-05,CMP,Distinguish interference and diffraction patterns,"Asks you to compare fringe widths, brightness and origin of interference and diffraction patterns.",Table of differences,,DRAFT,,seed,,recalled seed - DRAFT until a real instance verifies it; skeleton to be replaced by printed scheme lines
PH-11-001,FAM-11-01 Photoelectric effect,11,T-11-02,CON,State photoelectric observations that wave theory cannot explain,Asks you to list the facts of the photoelectric effect and why the wave picture fails to explain them.,Threshold frequency; instant emission; KE independent of intensity; wave-theory failures,,DRAFT,,seed,,recalled seed - DRAFT until a real instance verifies it; skeleton to be replaced by printed scheme lines
PH-11-002,FAM-11-01 Photoelectric effect,11,T-11-03,NUM,"Use Einstein's equation for work function, stopping potential or KE",Asks you to apply Einstein's photoelectric equation to find the missing quantity.,h nu = phi0 + K_max; eV0 = K_max; unit conversion; result,,DRAFT,,seed,,recalled seed - DRAFT until a real instance verifies it; skeleton to be replaced by printed scheme lines
PH-11-003,FAM-11-01 Photoelectric effect,11,T-11-04,GRF,"Interpret photocurrent graphs against potential, intensity or frequency","Asks you to read or draw graphs showing how photocurrent depends on potential, intensity or frequency.",Correct shapes; saturation; stopping potential; comparisons,,DRAFT,,seed,,recalled seed - DRAFT until a real instance verifies it; skeleton to be replaced by printed scheme lines
PH-11-004,FAM-11-01 Photoelectric effect,11,T-11-04,GRF,Use the stopping potential versus frequency graph,Asks you to use the slope and intercepts of this straight-line graph to find Planck's constant or the work function.,Line equation; slope h/e; intercepts; result,,DRAFT,,seed,,recalled seed - DRAFT until a real instance verifies it; skeleton to be replaced by printed scheme lines
PH-11-005,FAM-11-01 Photoelectric effect,11,T-11-03,NUM,Find the number of photons emitted per second,Asks you to divide a source's power by the energy of one photon to find photons per second.,E = hc/lambda; n = P/E; result,,DRAFT,,seed,,recalled seed - DRAFT until a real instance verifies it; skeleton to be replaced by printed scheme lines
PH-11-006,FAM-11-02 Matter waves,11,T-11-05,NUM,Find the de Broglie wavelength of a particle or electron,"Asks you to use lambda = h/p, or its energy or voltage form, to find a particle's wavelength.",Formula; substitution; result,,DRAFT,,seed,,recalled seed - DRAFT until a real instance verifies it; skeleton to be replaced by printed scheme lines
PH-11-007,FAM-11-02 Matter waves,11,T-11-05,PRD,Compare de Broglie wavelengths of different particles,"Asks you to decide which particle has the longer wavelength when energy, speed or momentum is the same.",lambda = h/p; express in the given quantity; ratio,,DRAFT,,seed,,recalled seed - DRAFT until a real instance verifies it; skeleton to be replaced by printed scheme lines
PH-12-001,FAM-12-01 Rutherford model,12,T-12-01,CON,Explain the alpha-scattering experiment and its conclusions,Asks you to describe Rutherford's gold-foil results and what they revealed about the atom.,Setup; observations; conclusions; number versus angle graph,,DRAFT,,seed,,recalled seed - DRAFT until a real instance verifies it; skeleton to be replaced by printed scheme lines
PH-12-002,FAM-12-01 Rutherford model,12,T-12-01,NUM,Find the distance of closest approach of an alpha particle,Asks you to set kinetic energy equal to electrostatic potential energy to find how close the alpha particle gets.,K = k Z e (2e)/r0; solve; result,,DRAFT,,seed,,recalled seed - DRAFT until a real instance verifies it; skeleton to be replaced by printed scheme lines
PH-12-003,FAM-12-01 Rutherford model,12,T-12-02,CON,State the limitations of Rutherford's model,Asks you to explain why Rutherford's model cannot explain atomic stability or line spectra.,Accelerating charge radiates; spiral collapse; continuous spectrum expected,,DRAFT,,seed,,recalled seed - DRAFT until a real instance verifies it; skeleton to be replaced by printed scheme lines
PH-12-004,FAM-12-02 Bohr model and spectra,12,T-12-03,DRV,Derive the radius of the nth Bohr orbit,Asks you to combine the force condition with angular-momentum quantisation to show orbit radius grows as n squared.,Postulates; force balance; mvr = nh/2pi; solve; r_n,,DRAFT,,seed,,recalled seed - DRAFT until a real instance verifies it; skeleton to be replaced by printed scheme lines
PH-12-005,FAM-12-02 Bohr model and spectra,12,T-12-04,DRV,Derive the velocity and energy of an electron in the nth orbit,Asks you to find the orbital speed and total energy -13.6/n^2 eV using Bohr's postulates.,v_n; kinetic energy; potential energy; total; value,,DRAFT,,seed,,recalled seed - DRAFT until a real instance verifies it; skeleton to be replaced by printed scheme lines
PH-12-006,FAM-12-02 Bohr model and spectra,12,T-12-04,NUM,Find energy or wavelength of a hydrogen transition,Asks you to use the energy-level formula to find the photon energy or wavelength for a jump between levels.,Energy difference; lambda = hc/dE; result; series,,DRAFT,,seed,,recalled seed - DRAFT until a real instance verifies it; skeleton to be replaced by printed scheme lines
PH-12-007,FAM-12-02 Bohr model and spectra,12,T-12-05,CON,Identify hydrogen spectral series and their regions,Asks you to name the series for given transitions and the part of the spectrum each lies in.,Transition to series; region; level sketch,,DRAFT,,seed,,recalled seed - DRAFT until a real instance verifies it; skeleton to be replaced by printed scheme lines
PH-13-001,FAM-13-01 Nuclear size and force,13,T-13-01,NUM,Find nuclear radius or show nuclear density is constant,Asks you to use R = R0 A^(1/3) to compare nuclear sizes or show all nuclei have about the same density.,Radius formula; volume; density; A cancels,,DRAFT,,seed,,recalled seed - DRAFT until a real instance verifies it; skeleton to be replaced by printed scheme lines
PH-13-002,FAM-13-01 Nuclear size and force,13,T-13-02,CON,State the properties of the nuclear force,Asks you to list the key features of the force that holds nucleons together.,Strong; short range; charge independent; saturation; repulsive core,,DRAFT,,seed,,recalled seed - DRAFT until a real instance verifies it; skeleton to be replaced by printed scheme lines
PH-13-003,FAM-13-01 Nuclear size and force,13,T-13-02,GRF,Interpret the potential energy graph for two nucleons,Asks you to explain the attractive and repulsive regions of the nucleon-pair potential energy curve.,Minimum near 0.8 fm; attraction beyond; repulsion below,,DRAFT,,seed,,recalled seed - DRAFT until a real instance verifies it; skeleton to be replaced by printed scheme lines
PH-13-004,FAM-13-02 Mass defect and binding energy,13,T-13-03,NUM,Calculate the mass defect and binding energy of a nucleus,Asks you to find the mass lost when nucleons combine and convert it to binding energy.,Mass defect; BE = defect x 931.5 MeV/u; per nucleon,,DRAFT,,seed,,recalled seed - DRAFT until a real instance verifies it; skeleton to be replaced by printed scheme lines
PH-13-005,FAM-13-02 Mass defect and binding energy,13,T-13-04,GRF,Interpret the binding energy per nucleon curve,Asks you to use the binding-energy-per-nucleon curve to explain stability and why fission and fusion release energy.,Curve shape; peak near iron; fission and fusion reasoning,,DRAFT,,seed,,recalled seed - DRAFT until a real instance verifies it; skeleton to be replaced by printed scheme lines
PH-13-006,FAM-13-03 Fission and fusion,13,T-13-05,NUM,Find the energy released in a fission or fusion reaction,Asks you to use mass difference or binding energies to find the energy released in a nuclear reaction.,Q from mass difference or BE difference; result in MeV,,DRAFT,,seed,,recalled seed - DRAFT until a real instance verifies it; skeleton to be replaced by printed scheme lines
PH-13-007,FAM-13-03 Fission and fusion,13,T-13-06,CMP,Distinguish nuclear fission and fusion,"Asks you to compare fission and fusion by process, conditions and energy release.",Table; binding-energy reasoning; examples,,DRAFT,,seed,,recalled seed - DRAFT until a real instance verifies it; skeleton to be replaced by printed scheme lines
PH-14-001,FAM-14-01 Energy bands,14,T-14-01,CON,"Distinguish conductors, semiconductors and insulators by energy bands","Asks you to explain, with band pictures, how the gap between bands decides whether a material conducts.",Band diagrams; gap sizes; qualitative only,,DRAFT,,seed,,recalled seed - DRAFT until a real instance verifies it; skeleton to be replaced by printed scheme lines
PH-14-002,FAM-14-02 Doping and carriers,14,T-14-02,CON,Explain how doping makes n-type and p-type semiconductors,Asks you to explain which impurities are added to silicon and how they create extra electrons or holes.,Pentavalent and trivalent impurities; donor and acceptor; majority carriers,,DRAFT,,seed,,recalled seed - DRAFT until a real instance verifies it; skeleton to be replaced by printed scheme lines
PH-14-003,FAM-14-02 Doping and carriers,14,T-14-02,NUM,Find carrier concentrations in a doped semiconductor,Asks you to use n_e n_h = n_i^2 to find electron or hole concentrations after doping.,Mass-action law; majority equals dopant; minority; result,,DRAFT,,seed,,recalled seed - DRAFT until a real instance verifies it; skeleton to be replaced by printed scheme lines
PH-14-004,FAM-14-03 p-n junction and diode,14,T-14-03,CON,Explain the depletion region and barrier potential of a p-n junction,Asks you to explain how diffusion and drift create the depletion layer and barrier potential at a junction.,Diffusion; immobile ions; internal field; barrier; diagram,,DRAFT,,seed,,recalled seed - DRAFT until a real instance verifies it; skeleton to be replaced by printed scheme lines
PH-14-005,FAM-14-03 p-n junction and diode,14,T-14-04,GRF,Draw and explain diode I-V characteristics in both biases,Asks you to draw the circuits and the current-voltage graph of a diode and explain both biases.,Circuit diagrams; graph with knee voltage; reverse current; explanation,,DRAFT,,seed,,recalled seed - DRAFT until a real instance verifies it; skeleton to be replaced by printed scheme lines
PH-14-006,FAM-14-03 p-n junction and diode,14,T-14-05,DGM,Draw a rectifier circuit with input and output waveforms,Asks you to draw a half-wave or full-wave rectifier and show how it turns AC into pulsating DC.,Circuit; waveforms; working explained,,DRAFT,,seed,,recalled seed - DRAFT until a real instance verifies it; skeleton to be replaced by printed scheme lines
PH-14-007,FAM-14-03 p-n junction and diode,14,T-14-04,PRD,Decide whether diodes in a circuit conduct and find the current,Asks you to check each diode's bias in a circuit and calculate the current that flows.,Bias check; equivalent circuit; I = V/R,,DRAFT,,seed,,recalled seed - DRAFT until a real instance verifies it; skeleton to be replaced by printed scheme lines
PH-14-008,FAM-14-01 Energy bands,14,T-14-01,DGM,Draw energy band diagrams for different materials,"Asks you to draw labelled energy band diagrams for conductors, semiconductors and insulators.",Valence and conduction bands; gap labels,,DRAFT,,seed,,recalled seed - DRAFT until a real instance verifies it; skeleton to be replaced by printed scheme lines
