instance_id,q_no,side,part,scheme_file_id,scheme_pages
2026-55B-Q01,1,,,FL-134075cae2,4
2026-55B-Q02,2,,,FL-134075cae2,4
2026-55B-Q03,3,,,FL-134075cae2,4
2026-55B-Q04,4,,,FL-134075cae2,4
2026-55B-Q05,5,,,FL-134075cae2,4
2026-55B-Q06,6,,,FL-134075cae2,4
2026-55B-Q07,7,,,FL-134075cae2,4
2026-55B-Q08,8,,,FL-134075cae2,4
2026-55B-Q09,9,,,FL-134075cae2,4
2026-55B-Q10,10,,,FL-134075cae2,4
2026-55B-Q11,11,,,FL-134075cae2,4
2026-55B-Q12,12,,,FL-134075cae2,4
2026-55B-Q13,13,,,FL-134075cae2,4
2026-55B-Q14,14,,,FL-134075cae2,4
2026-55B-Q15,15,,,FL-134075cae2,4
2026-55B-Q16,16,,,FL-134075cae2,4
2026-55B-Q17-i,17,,i,FL-134075cae2,4
2026-55B-Q17-ii,17,,ii,FL-134075cae2,4
2026-55B-Q18A,18,A,,FL-134075cae2,4
2026-55B-Q18B,18,B,,FL-134075cae2,5
2026-55B-Q19,19,,,FL-134075cae2,5
2026-55B-Q20,20,,,FL-134075cae2,5
2026-55B-Q21,21,,,FL-134075cae2,5
2026-55B-Q22A-i,22,A,i,FL-134075cae2,6
2026-55B-Q22A-ii,22,A,ii,FL-134075cae2,6
2026-55B-Q22B,22,B,,FL-134075cae2,6 7
2026-55B-Q23-a,23,,a,FL-134075cae2,7
2026-55B-Q23-b,23,,b,FL-134075cae2,7
2026-55B-Q24-a,24,,a,FL-134075cae2,7
2026-55B-Q24-b,24,,b,FL-134075cae2,7
2026-55B-Q25-a,25,,a,FL-134075cae2,8
2026-55B-Q25-b,25,,b,FL-134075cae2,8
2026-55B-Q26,26,,,FL-134075cae2,8
2026-55B-Q27-i,27,,i,FL-134075cae2,8
2026-55B-Q27-ii,27,,ii,FL-134075cae2,9
2026-55B-Q28-a,28,,a,FL-134075cae2,9
2026-55B-Q28-b,28,,b,FL-134075cae2,9
2026-55B-Q29-i,29,,i,FL-134075cae2,9
2026-55B-Q29-ii,29,,ii,FL-134075cae2,9
2026-55B-Q29A-iii,29,A,iii,FL-134075cae2,9
2026-55B-Q29B-iii,29,B,iii,FL-134075cae2,9
2026-55B-Q29-iv,29,,iv,FL-134075cae2,9
2026-55B-Q30-i,30,,i,FL-134075cae2,9
2026-55B-Q30-ii,30,,ii,FL-134075cae2,9
2026-55B-Q30A-iii,30,A,iii,FL-134075cae2,9
2026-55B-Q30B-iii,30,B,iii,FL-134075cae2,9
2026-55B-Q30-iv,30,,iv,FL-134075cae2,9
2026-55B-Q31A-a-i,31,A,a-i,FL-134075cae2,10
2026-55B-Q31A-a-ii,31,A,a-ii,FL-134075cae2,10
2026-55B-Q31A-b,31,A,b,FL-134075cae2,10
2026-55B-Q31B-a-d1,31,B,a-d1,FL-134075cae2,10 11
2026-55B-Q31B-a-d2,31,B,a-d2,FL-134075cae2,11
2026-55B-Q31B-b,31,B,b,FL-134075cae2,11
2026-55B-Q32A-a,32,A,a,FL-134075cae2,11
2026-55B-Q32A-b,32,A,b,FL-134075cae2,11
2026-55B-Q32B-a,32,B,a,FL-134075cae2,12
2026-55B-Q32B-b-i,32,B,b-i,FL-134075cae2,12
2026-55B-Q32B-b-ii,32,B,b-ii,FL-134075cae2,12
2026-55B-Q33A-a-i,33,A,a-i,FL-134075cae2,13
2026-55B-Q33A-a-ii,33,A,a-ii,FL-134075cae2,13
2026-55B-Q33A-a-iii,33,A,a-iii,FL-134075cae2,13
2026-55B-Q33A-b,33,A,b,FL-134075cae2,13
2026-55B-Q33B-a,33,B,a,FL-134075cae2,13
2026-55B-Q33B-b-i,33,B,b-i,FL-134075cae2,13
2026-55B-Q33B-b-ii,33,B,b-ii,FL-134075cae2,13 14
