instance_id,q_no,side,part,section,q_type,has_figure,case_id,vi_alt,file_id,source_page
2025-5561-Q01,1,,,A,MCQ,y,,,FL-db4d9413e8,5
2025-5561-Q02,2,,,A,MCQ,n,,,FL-db4d9413e8,5
2025-5561-Q03,3,,,A,MCQ,y,,,FL-db4d9413e8,5
2025-5561-Q04,4,,,A,MCQ,n,,,FL-db4d9413e8,7
2025-5561-Q05,5,,,A,MCQ,n,,,FL-db4d9413e8,7
2025-5561-Q06,6,,,A,MCQ,n,,,FL-db4d9413e8,7
2025-5561-Q07,7,,,A,MCQ,y,,,FL-db4d9413e8,7
2025-5561-Q08,8,,,A,MCQ,n,,,FL-db4d9413e8,9
2025-5561-Q09,9,,,A,MCQ,n,,,FL-db4d9413e8,9
2025-5561-Q10,10,,,A,MCQ,n,,,FL-db4d9413e8,9
2025-5561-Q11,11,,,A,MCQ,n,,,FL-db4d9413e8,9
2025-5561-Q12,12,,,A,MCQ,n,,,FL-db4d9413e8,9
2025-5561-Q13,13,,,A,AR,n,,,FL-db4d9413e8,11
2025-5561-Q14,14,,,A,AR,n,,,FL-db4d9413e8,11
2025-5561-Q15,15,,,A,AR,n,,,FL-db4d9413e8,11
2025-5561-Q16,16,,,A,AR,n,,,FL-db4d9413e8,11
2025-5561-Q17,17,,,B,NUM,y,,,FL-db4d9413e8,13
2025-5561-Q18A-i,18,A,i,B,NUM,n,,,FL-db4d9413e8,13
2025-5561-Q18A-ii,18,A,ii,B,NUM,n,,,FL-db4d9413e8,13
2025-5561-Q18B,18,B,,B,NUM,n,,,FL-db4d9413e8,13
2025-5561-Q19-i,19,,i,B,NUM,n,,,FL-db4d9413e8,13
2025-5561-Q19-ii,19,,ii,B,NUM,n,,,FL-db4d9413e8,13
2025-5561-Q20,20,,,B,DGM,y,,,FL-db4d9413e8,15
2025-5561-Q21,21,,,B,CON,n,,,FL-db4d9413e8,15
2025-5561-Q22-d1,22,,d1,C,CMP,n,,,FL-db4d9413e8,15
2025-5561-Q22-d2,22,,d2,C,DRV,n,,,FL-db4d9413e8,15
2025-5561-Q23-i,23,,i,C,NUM,y,,,FL-db4d9413e8,17
2025-5561-Q23-ii,23,,ii,C,NUM,y,,,FL-db4d9413e8,17
2025-5561-Q24A-d1,24,A,d1,C,DEF,n,,,FL-db4d9413e8,17
2025-5561-Q24A-d2,24,A,d2,C,DRV,n,,,FL-db4d9413e8,17
2025-5561-Q24B-d1,24,B,d1,C,DEF,n,,,FL-db4d9413e8,17
2025-5561-Q24B-d2,24,B,d2,C,DRV,n,,,FL-db4d9413e8,17
2025-5561-Q25-i,25,,i,C,DEF,n,,,FL-db4d9413e8,17
2025-5561-Q25-ii,25,,ii,C,DEF,n,,,FL-db4d9413e8,17
2025-5561-Q25-iii,25,,iii,C,DEF,n,,,FL-db4d9413e8,17
2025-5561-Q26,26,,,C,DRV,n,,,FL-db4d9413e8,17
2025-5561-Q27-d1,27,,d1,C,CON,n,,,FL-db4d9413e8,19
2025-5561-Q27-d2,27,,d2,C,DRV,n,,,FL-db4d9413e8,19
2025-5561-Q28-a,28,,a,C,NUM,n,,,FL-db4d9413e8,19
2025-5561-Q28-b,28,,b,C,DRV,n,,,FL-db4d9413e8,19
2025-5561-Q29-i,29,,i,D,MCQ,y,CS-2025-5561-Q29,,FL-db4d9413e8,21
2025-5561-Q29-ii,29,,ii,D,MCQ,n,CS-2025-5561-Q29,,FL-db4d9413e8,23
2025-5561-Q29-iii,29,,iii,D,MCQ,n,CS-2025-5561-Q29,,FL-db4d9413e8,23
2025-5561-Q29A-iv,29,A,iv,D,MCQ,y,CS-2025-5561-Q29,,FL-db4d9413e8,23
2025-5561-Q29B-iv,29,B,iv,D,MCQ,n,CS-2025-5561-Q29,,FL-db4d9413e8,25
2025-5561-Q30-i,30,,i,D,MCQ,n,CS-2025-5561-Q30,,FL-db4d9413e8,25
2025-5561-Q30-ii,30,,ii,D,MCQ,n,CS-2025-5561-Q30,,FL-db4d9413e8,25
2025-5561-Q30-iii,30,,iii,D,MCQ,n,CS-2025-5561-Q30,,FL-db4d9413e8,27
2025-5561-Q30A-iv,30,A,iv,D,MCQ,n,CS-2025-5561-Q30,,FL-db4d9413e8,27
2025-5561-Q30B-iv,30,B,iv,D,MCQ,n,CS-2025-5561-Q30,,FL-db4d9413e8,27
2025-5561-Q31A-i,31,A,i,E,DEV,n,,,FL-db4d9413e8,27
2025-5561-Q31A-ii-d1,31,A,ii-d1,E,NUM,n,,,FL-db4d9413e8,27
2025-5561-Q31A-ii-d2,31,A,ii-d2,E,CON,n,,,FL-db4d9413e8,27
2025-5561-Q31B-i,31,B,i,E,DEV,n,,,FL-db4d9413e8,27
2025-5561-Q31B-ii-I,31,B,ii-I,E,NUM,n,,,FL-db4d9413e8,29
2025-5561-Q31B-ii-II,31,B,ii-II,E,NUM,n,,,FL-db4d9413e8,29
2025-5561-Q31B-ii-III,31,B,ii-III,E,NUM,n,,,FL-db4d9413e8,29
2025-5561-Q32A-i,32,A,i,E,DRV,n,,,FL-db4d9413e8,29
2025-5561-Q32A-ii,32,A,ii,E,NUM,n,,,FL-db4d9413e8,29
2025-5561-Q32B-i,32,B,i,E,DRV,n,,,FL-db4d9413e8,29
2025-5561-Q32B-ii,32,B,ii,E,DRV,n,,,FL-db4d9413e8,29
2025-5561-Q33A-i,33,A,i,E,NUM,n,,,FL-db4d9413e8,29
2025-5561-Q33A-ii-I,33,A,ii-I,E,NUM,n,,,FL-db4d9413e8,29
2025-5561-Q33A-ii-II,33,A,ii-II,E,NUM,n,,,FL-db4d9413e8,29
2025-5561-Q33B-i-d1,33,B,i-d1,E,DRV,n,,,FL-db4d9413e8,31
2025-5561-Q33B-i-d2-I,33,B,i-d2-I,E,DRV,n,,,FL-db4d9413e8,31
2025-5561-Q33B-i-d2-II,33,B,i-d2-II,E,DRV,n,,,FL-db4d9413e8,31
2025-5561-Q33B-ii,33,B,ii,E,NUM,y,,,FL-db4d9413e8,31
