instance_id,marks_part,q_marks_printed,numbers,options,figure_values,note
2025C-55S1-Q01,,1,,A) it will move further towards A | B) it will move towards B | C) it will oscillate about its original position | D) it will not move at all,,"no marks printed beside this question; q total 1 from General Instructions (iii), p3; no digits (charges +q, +Q, Q >> q are symbols; 'two-point' in words) (crop q01)"
2025C-55S1-Q02,,1,,A) directly proportional to Z | B) inversely proportional to Z | C) directly proportional to mass m_2 | D) directly proportional to m_1*m_2,,"no marks printed beside this question; q total 1 from General Instructions (iii), p3; no digits (m_1, m_2, d_0 are labels; charge Ze) (crop q02)"
2025C-55S1-Q03,,1,,A) 0.8 × 10^-15 m | B) 0.8 × 10^-10 m | C) 2.0 × 10^-13 m | D) 2.0 × 10^-14 m,,"no marks printed beside this question; q total 1 from General Instructions (iii), p3; exponent minus signs read from 400 dpi crop q03 (text layer drops the x and keeps –15, –10, –13, –14)"
2025C-55S1-Q04,,1,,A) h | B) h/nu | C) h/e | D) h*e,"axis labels only, no numeric values: K_max (vertical axis, arrow up) | nu (horizontal axis, arrow right) | O (origin)","no marks printed beside this question; q total 1 from General Instructions (iii), p3; frequency printed as italic v-shaped nu (text layer 'v'); figure: straight line starting on the nu axis to the right of O (positive intercept, no value printed) and rising to the upper right; vertical axis arrow points up, horizontal axis arrow points right, small arrow after nu label points right (crop q04)"
2025C-55S1-Q05,,1,,A) number of turns in the coil | B) resistance of the coil | C) speed with which the magnet is moved | D) area of the coil,,"no marks printed beside this question; q total 1 from General Instructions (iii), p3; no digits (crop q05)"
2025C-55S1-Q06,,1,,A) Microwaves | B) Ultraviolet rays | C) Gamma rays | D) Radio waves,,"no marks printed beside this question; q total 1 from General Instructions (iii), p3; no digits (crop q06)"
2025C-55S1-Q07,,1,48 ohm (coil resistance) | 2.0 A (full-scale current) | 0 A (lower end of the ammeter range) | 10 A (upper end of the ammeter range),A) in series a resistance of 8 ohm | B) in parallel a resistance of 8 ohm | C) in parallel a resistance of 12 ohm | D) in series a resistance of 12 ohm,,"no marks printed beside this question; q total 1 from General Instructions (iii), p3; range printed as (0 – 10 A), an en dash, not a minus sign; Omega symbol read from crops q07top and q07 (text layer drops it)"
2025C-55S1-Q08,,1,"sqrt(3) (j^ coefficient of vec(A); i^ coefficient printed without digit) | 10^-2 m^2 (factor of vec(A)) | 4.0t^2 (vec(B), t squared) | 2.0 (constant term of vec(B), along i^) | 1.0 s (time t)",A) 80 mV | B) 0.11 V | C) 0.22 V | D) 0.8 V,,"no marks printed beside this question; q total 1 from General Instructions (iii), p3; vec(A) = [i^ + sqrt(3) j^] × 10^-2 m^2; vec(B) = [4.0t^2 + 2.0] i^, B in tesla, t in seconds; text layer drops the root sign (shows '3') and the minus of 10^-2; 400 dpi crop q08"
2025C-55S1-Q09,,1,,A) becomes four times | B) remains the same | C) becomes half | D) becomes twice,,"no marks printed beside this question; q total 1 from General Instructions (iii), p3; no digits ('doubled', 'four times', 'half', 'twice' in words) (crop q09)"
2025C-55S1-Q10,,1,220 V (ac mains),A) 156 V | B) 198 V | C) 220 V | D) zero,,"no marks printed beside this question; q total 1 from General Instructions (iii), p3 (crop q10)"
2025C-55S1-Q11,,1,,A) attract each other | B) repel each other | C) be deflected normal to the plane containing the two beams | D) not interact with each other,,"no marks printed beside this question; q total 1 from General Instructions (iii), p3; no digits ('two beams' in words) (crop q11)"
2025C-55S1-Q12,,1,,A) The resistance of the primary coil is large. | B) The same flux links both the primary and the secondary coils. | C) The resistance of secondary coil is large. | D) The transformer is 100% efficient.,,"no marks printed beside this question; q total 1 from General Instructions (iii), p3; relation printed as v_s/v_p = N_s/N_p with lowercase v (labels, no digits); option D carries 100% (400 dpi crop q12)"
2025C-55S1-Q13,,1,,,,"no marks printed beside this question; q total 1 from General Instructions (iii), p3; no digits in A or R (crop q13); AR codes printed once above Q13 (crop arset): A) Both Assertion (A) and Reason (R) are true and Reason (R) is the correct explanation of the Assertion (A). | B) Both Assertion (A) and Reason (R) are true, but Reason (R) is not the correct explanation of the Assertion (A). | C) Assertion (A) is true, but Reason (R) is false. | D) Both Assertion (A) and Reason (R) are false."
2025C-55S1-Q14,,1,2f (assertion: object between f and 2f) | 2f (reason: object between f and 2f),,,"no marks printed beside this question; q total 1 from General Instructions (iii), p3; AR codes as in the Q13 note (crop q14)"
2025C-55S1-Q15,,1,,,,"no marks printed beside this question; q total 1 from General Instructions (iii), p3; no digits in A or R; AR codes as in the Q13 note (crop q15)"
2025C-55S1-Q16,,1,,,,"no marks printed beside this question; q total 1 from General Instructions (iii), p3; no digits in A or R (Ge is a symbol); AR codes as in the Q13 note (crop q16)"
2025C-55S1-Q17-a,,2,"2.14 eV (work function of Caesium, in the shared lead-in)",,,2 printed once at the end of (b) (question total); (a) itself has no digits (crop q17)
2025C-55S1-Q17-b,,2,0.86 V (stopping potential),,,"2 printed once at the end of (b) (question total); 2.14 eV is in the shared lead-in, listed on Q17-a only (crop q17)"
2025C-55S1-Q18A,,2,,,"labels only, no numeric values: mu_1 (plano-convex lens, left) | mu_2 (biconcave lens, right) | R (curved face of the plano-convex lens) | R (right face of the biconcave lens)","side (a) of (a) OR (b); 2 printed beside (a), the alternative's total; refractive indices mu_1, mu_2 and radius R are symbols, no digits; figure: plano-convex lens with its plane face vertical on the left and convex face to the right, in contact with the biconcave lens on its right (shared curved face), the biconcave lens's right face curving into the top-right and bottom-right corners; no arrows, cells or rays drawn (crop q18a)"
2025C-55S1-Q18B,,2,5f (lens-mirror separation) | 2f (object distance from the convex lens),,,"side (b) of (a) OR (b); 2 printed beside (b), the alternative's total; no figure printed (ray diagram is asked of the candidate) (crop q18b)"
2025C-55S1-Q19,,2,5 V (battery emf) | 2/3 ohm (internal resistance),,"8 ohm (A–B) | 2 ohm (B–C) | 3 ohm (B–D) | 4 ohm (A–D) | 1 ohm (D–C) | 5 V (battery); node labels A, B, C, D","unparted question; 2 printed once at its end; 2/3 printed as a stacked fraction (text layer shows '2' and '3' on separate lines and drops the Omega); battery between the bottom wires joining A (left) and C (right): two-cell symbol, plates from left long | short | long | short (measured 94 | 45 | 94 | 45 px at 400 dpi, crop q19cell2), so the longer plate of each cell faces left, toward the wire to A; no current arrows drawn (crops q19, q19fig, q19cell, q19cell2)"
2025C-55S1-Q20,,2,,,,unparted question; 2 printed once at its end; no digits; no figure printed (circuit diagram is asked of the candidate) (crop q20)
2025C-55S1-Q21,,2,640 nm (wavelength) | 7.2 mm (fringe width) | 8.1 mm (new fringe width),,,unparted question; 2 printed once at its end (crop q21)
2025C-55S1-Q22-d1,,3,,,,3 printed once at the end of the question (question total); 'Define electric flux. Is it a scalar or a vector quantity ?' has no digits (crop q22 and page p15)
2025C-55S1-Q22-d2,,3,d/2 (distance of q above the centre of the square),,,3 printed once at the end of the question; side of the square d is a symbol; d/2 printed as a stacked fraction (crop q22)
2025C-55S1-Q22-d3,,3,,,,3 printed once at the end of the question; no digits (distance 'd' a symbol; side 'doubled' in words) (crop q22)
2025C-55S1-Q23-d1,,3,,,,3 printed once at the end of (b) (question total); 'Depict the variation ... along z-axis' has no digits (crop q23)
2025C-55S1-Q23-d2-a,,3,1.5 × 10^10 Hz (frequency) | 36 V m^-1 (amplitude of electric field),,,3 printed once at the end of (b) (question total); both values are in the lead-in shared by (a) and (b) and are listed on this first sub-part only; exponent 10 and the minus of m^-1 read from 400 dpi crop q23
2025C-55S1-Q23-d2-b,,3,,,,3 printed once at the end of (b) (question total); (b) itself has no digits; the shared values are on Q23-d2-a (crop q23)
2025C-55S1-Q24-d1,,3,,,,"3 printed once at the end of the question (question total); 'three postulates' in words, no digits (crop q24)"
2025C-55S1-Q24-d2,,3,1/n^3 (frequency of revolution proportional to),,,3 printed once at the end of the question; n^th is a label; 1/n^3 printed as a stacked fraction in brackets (400 dpi crop q24)
2025C-55S1-Q25A-i,,3,20 microF (capacitor) | 220 V (source voltage) | 125/pi Hz (source frequency),,,"side (a) of (a) OR (b); 3 printed once at the end of (a)(ii), the side total; the values are in the side (a) lead-in shared by (i) and (ii) and are listed on (i) only; 125/pi printed as a stacked fraction (400 dpi crop q25a; text layer drops mu and pi)"
2025C-55S1-Q25A-ii,,3,,,,"side (a); 3 printed once at the end of (ii), the side total; (ii) has no digits (frequency 'doubled' in words) (crop q25a)"
2025C-55S1-Q25B-i,,3,"9 × 10^-31 kg (electron mass) | 1.6 × 10^-19 C (electron charge) | 3.2 × 10^7 m/s (speed) | 4.5 × 10^-4 T (magnetic field, perpendicular)",,,"side (b) of (a) OR (b); 3 printed once beside 'Calculate :' (the side total, above (i)); the values are in the side (b) lead-in shared by (i), (ii), (iii) and are listed on (i) only; exponents read from 400 dpi crop q25b"
2025C-55S1-Q25B-ii,,3,,,,"side (b); 3 printed once beside 'Calculate :', the side total; (ii) has no digits (crop q25b)"
2025C-55S1-Q25B-iii,,3,,,,"side (b); 3 printed once beside 'Calculate :', the side total; (iii) has no digits (crop q25b)"
2025C-55S1-Q26-d1,,3,,,,3 printed once at the end of the question (question total); 'Define binding energy (BE) of a nucleus.' has no digits (crop q26 and page p17)
2025C-55S1-Q26-d2,,3,240 (mass number A of the unstable nucleus) | 7.6 MeV (BE/A of the unstable nucleus) | 120 (mass number A of each fragment) | 8.5 MeV (BE/A of each fragment),,,3 printed once at the end of the question; 'two fragments' in words; BE/A printed as a stacked fraction (400 dpi crop q26)
2025C-55S1-Q27-d1,,3,,,,3 printed once at the end of the question (question total); no digits (crop q27 and page p17)
2025C-55S1-Q27-d2,,3,,,,3 printed once at the end of the question; no digits (crop q27 and page p17)
2025C-55S1-Q28-a,,3,4 cm (loop side) | 5 cm (loop side) | 0.25 A (current) | 0.20 T (j^ component of vec(B)) | 0.50 T (k^ component of vec(B)) | 0.80 (i^ component of the outward unit normal) | -0.60 (j^ component of the outward unit normal),,,"3 printed once at the end of (b) (question total); loop size printed as (4 cm × 5 cm); all values are in the lead-in shared by (a) and (b) and are listed on this first sub-part only; vec(B) = [(0.20 T) j^ + (0.50 T) k^], unit normal (0.80 i^ - 0.60 j^) (400 dpi crop q28)"
2025C-55S1-Q28-b,,3,,,,3 printed once at the end of (b) (question total); (b) itself has no digits (torque vec(tau)); the shared values are on Q28-a (crop q28)
2025C-55S1-Q29A-i,1,4,"2.0 cm (f_o, objective focal length) | 6.25 cm (f_e, eyepiece focal length) | 15 cm (separation of the lenses)",A) 3.45 cm | B) 5 cm | C) 1.29 cm | D) 2.59 cm,,"alternative (a) of (i) (a) OR (b); 1 printed beside this sub-part; case total 4 not printed beside the question, taken from General Instructions (vi), p3; the case passage (crop q29pass) prints no digits (m = m_o*m_e, labels only) (400 dpi crop q29ai)"
2025C-55S1-Q29B-i,1,4,25 cm (normal near point) | 0.8 cm (objective focal length) | 2.5 cm (eyepiece focal length) | 0.9 cm (object distance from the objective) | 2.27 cm (distance of the objective's image from the eyepiece),A) 7.47 cm | B) 8.47 cm | C) 9.47 cm | D) 10.47 cm,,"alternative (b) of (i) (a) OR (b); 1 printed beside this sub-part; case total 4 not printed beside the question, taken from General Instructions (vi), p3 (400 dpi crop q29bi)"
2025C-55S1-Q29-ii,1,4,2 cm (objective focal length) | 10 cm (eyepiece focal length) | 20 cm (eyepiece-objective distance),A) 7 | B) 10 | C) 14 | D) 16,,"1 printed beside this sub-part; case total 4 not printed beside the question, taken from General Instructions (vi), p3 (crop q29ii)"
2025C-55S1-Q29-iii,1,4,,"A) real, inverted and magnified | B) real, erect and magnified | C) virtual, erect and magnified | D) virtual, inverted and magnified",,"1 printed beside this sub-part; case total 4 not printed beside the question, taken from General Instructions (vi), p3; no digits (crop q29iii)"
2025C-55S1-Q29-iv,1,4,,A) The object is at a distance less than f_o from the objective. | B) The object is at a distance more than f_o and less than 2*f_o from the objective. | C) The intermediate image is formed at a distance slightly more than f_e from the eyepiece. | D) The intermediate image is formed at 2*f_e from the eyepiece.,,"1 printed beside this sub-part; case total 4 not printed beside the question, taken from General Instructions (vi), p3; stem has no digits (f_o, f_e labels); options B and D print 2f_o and 2f_e (crop q29iv)"
2025C-55S1-Q30A-i,1,4,,A) The resistance of an intrinsic semiconductor decreases with the increase of temperature. | B) Doping pure Si with trivalent impurities gives p-type semiconductors. | C) The majority charge carriers in n-type semiconductors are holes. | D) A p-n junction can act as a semiconductor diode.,,"alternative (a) of (i) (a) OR (b); 1 printed beside this sub-part; case total 4 not printed beside the question, taken from General Instructions (vi), p3; stem 'Which of the following statements is not true ?' ('not' bold italic); the case passage (crop q30pass) prints no digits ('two types', 'Two important processes' in words) and reads 'equal to the number of holes is an intrinsic semiconductor' (printed 'is an', likely for 'in an') (crop q30ai)"
2025C-55S1-Q30B-i,1,4,,A) the diffusion current is zero everywhere. | B) the drift current is zero everywhere. | C) the electric potential is zero everywhere. | D) the drift current and the diffusion current cancel each other.,,"alternative (b) of (i) (a) OR (b); 1 printed beside this sub-part; case total 4 not printed beside the question, taken from General Instructions (vi), p3; stem printed 'In a unbiased p-n junction :'; no digits (crop q30bi)"
2025C-55S1-Q30-ii,1,4,,A) Boron | B) Phosphorous | C) Aluminium | D) Indium,,"1 printed beside this sub-part; case total 4 not printed beside the question, taken from General Instructions (vi), p3; no digits (Ge a symbol); option B spelt 'Phosphorous' as printed (crops q30bi, q30ii)"
2025C-55S1-Q30-iii,1,4,0 K (temperature),A) 0.72 eV | B) 1.1 eV | C) 3.0 eV | D) 5.4 eV,,"1 printed beside this sub-part; case total 4 not printed beside the question, taken from General Instructions (vi), p3 (400 dpi crops q30iii, q30iii-opt)"
2025C-55S1-Q30-iv,1,4,,A) is reduced and the depletion layer width decreases. | B) is reduced and the depletion layer width increases. | C) increases and the depletion layer width also increases. | D) increases and the depletion layer width decreases.,,"1 printed beside this sub-part; case total 4 not printed beside the question, taken from General Instructions (vi), p3; no digits (crop q30iv)"
2025C-55S1-Q31A-i-I,,5,,,,"side (a) of (a) OR (b); 5 printed once at the end of (a)(ii)(II), the side total; source V = V_m sin(omega*t), no digits; the (i) lead-in is shared by (I), (II), (III) (crop q31a)"
2025C-55S1-Q31A-i-II,,5,,,,side (a); 5 printed once at the end of the side; no digits (crop q31a)
2025C-55S1-Q31A-i-III,,5,,,,side (a); 5 printed once at the end of the side; no digits (crop q31a)
2025C-55S1-Q31A-ii-d1,,5,,,,side (a); 5 printed once at the end of the side; 'Define power factor of an ac circuit.' has no digits (crop q31a)
2025C-55S1-Q31A-ii-d2-I,,5,,,,"side (a); 5 printed once at the end of the side; 'State the conditions under which it is : (I) maximum,' no digits (crop q31a)"
2025C-55S1-Q31A-ii-d2-II,,5,,,,"side (a); 5 printed beside this line, the side total, not a split; '(II) minimum.' no digits (crop q31a)"
2025C-55S1-Q31B-i,,5,pi/2 rad (phase by which voltage leads current),,,"side (b) of (a) OR (b); 5 printed once at the end of (b)(ii)(II), the side total; pi/2 printed as a stacked fraction (text layer shows only '2') (400 dpi crop q31b)"
2025C-55S1-Q31B-ii-I,,5,12 mH (self-inductance) | 24 mH (self-inductance),,,side (b); 5 printed once at the end of the side; both values are in the (ii) lead-in shared by (I) and (II) and are listed on (I) only; 'two inductors' in words (400 dpi crop q31b)
2025C-55S1-Q31B-ii-II,,5,,,,"side (b); 5 printed beside this line, the side total, not a split; (II) itself has no digits; the shared values are on Q31B-ii-I (crop q31b)"
2025C-55S1-Q32A-i-I,,5,,,,"side (a) of (a) OR (b); 5 printed once at the end of (a)(ii)(II), the side total; no digits (capacitance C, potential 'V' are symbols); the (i) lead-in and 'Justify your answers.' are shared by (I), (II), (III) (crop q32a)"
2025C-55S1-Q32A-i-II,,5,,,,side (a); 5 printed once at the end of the side; no digits (crop q32a)
2025C-55S1-Q32A-i-III,,5,,,,side (a); 5 printed once at the end of the side; no digits (crop q32a)
2025C-55S1-Q32A-ii-I,,5,,,,side (a); 5 printed once at the end of the side; no digits; no figure printed (field-line drawing asked of the candidate) (crop q32a)
2025C-55S1-Q32A-ii-II,,5,,,,"side (a); 5 printed beside this line, the side total, not a split; no digits (crop q32a)"
2025C-55S1-Q32B-i-d1,,5,,,,"side (b) of (a) OR (b); 5 printed once at the end of (b)(ii), the side total; 'Write Coulomb's law of electrostatics in vector form.' no digits (400 dpi crop q32b)"
2025C-55S1-Q32B-i-d2,,5,,,,side (b); 5 printed once at the end of the side; 'Apply it to determine the electric field at a point due to a system of point charges.' no digits (crop q32b)
2025C-55S1-Q32B-ii,,5,+2 microC (each of the two charges at B and C),,,"side (b); 5 printed beside the end of (ii), the side total, not a split; side l of the equilateral triangle ABC is a symbol (italic l); 'Two point charges' in words; text layer drops mu ('+2 C') (400 dpi crop q32b)"
2025C-55S1-Q33A-d1,,5,,,,"side (a) of (a) OR (b); 5 printed once at the end of (a), the side total; refractive index n a symbol; no digits (crop q33a and page p27)"
2025C-55S1-Q33A-d2,,5,,,,side (a); 5 printed once at the end of (a); 'Write the condition on n for refraction to take place on the opposite face.' no digits (crop q33a)
2025C-55S1-Q33B-d1,,5,,,,"side (b) of (a) OR (b); 5 printed once at the end of (b), the side total; 'State Huygens principle.' no digits (crop q33b and page p27)"
2025C-55S1-Q33B-d2,,5,,,,side (b); 5 printed once at the end of (b); no digits; no figure printed (diagram asked of the candidate) (crop q33b)
